Date,Mean Return,Index Return,Strategy Wealth,Index Wealth
2013-04-09,-0.009419918211578896,-0.030823376448698696,0.990580081788421,0.9691766235513013
2013-04-16,-0.015202518598249004,0.031028819910255946,0.9755207696719777,0.9992490304647046
2013-04-23,0.010044845661198305,0.025765274646386345,0.9853197252426261,1.0249949561747629
2013-04-30,0.020771547928573136,0.015167089493482716,1.0057863411404717,1.040541146405434
2013-05-07,0.0022542021831644166,0.02063876770614535,1.0080535869064675,1.0620166334147818
2013-05-14,0.002278990989030482,-0.007398338803812135,1.010350931947487,1.0541594745454954
2013-05-21,0.0003614423574051619,0.0182243487506645,1.0107161155701367,1.0733708444484298
2013-05-28,0.003416863765949014,-0.0023286412430557697,1.014169594843089,1.0708713488309536
2013-06-04,-0.011433864255960128,-0.026062109460859736,1.002573717363131,1.0429621825192228
2013-06-11,-0.022759253005937775,-0.026372634361801553,0.97975588847256,1.0154565222264567
2013-06-18,-0.013414164300002277,0.0023952227998718396,0.9666132820106944,1.017888766840772
2013-06-25,-0.04172588097723597,-0.041975906798511126,0.9262804912545007,0.9751619628326123
2013-07-01,0.030411158973987197,0.05102181559044615,0.9544497545285444,1.024916496671075
2013-07-09,-0.003572706340990962,-0.005411148718959793,0.951039785838383,1.0193705210830726
2013-07-16,0.007682438751756071,0.01245608431810927,0.9583460907435696,1.0320678862450783
2013-07-23,0.00365517948484353,0.013978026759490917,0.9618490177138356,1.0464941587766232
2013-07-30,-0.03997991617787315,-0.05801641366732814,0.9233943746098668,0.9857803207605961
2013-08-06,-0.0698467848989759,-0.04013347455214293,0.8588982463495671,0.9462175313433474
2013-08-13,0.060559578256493565,0.03476383137762064,0.9109127619137388,0.979111678049516
2013-08-20,-0.01585604355922625,-0.050967172325226746,0.8964692894821795,0.9292091244287244
2013-08-27,-0.011827943004035123,-0.018775372124492515,0.8858659018213164,0.9117628773361012
2013-09-03,0.02642485947911419,0.007929667298741663,0.9092747837942834,0.9189928536087199
2013-09-10,0.035749165946304014,0.09055926115956903,0.941780598930935,1.0022161674424495
2013-09-17,0.025193580835472032,-0.004267903350472198,0.9655074245793808,0.9979388057035244
2013-09-24,0.019737191708749963,0.008909888626392252,0.9845638297145254,1.0068303293182979
2013-09-30,-0.043697126617244744,-0.020528088133627744,0.9415412193847303,0.9861620275824424
2013-10-08,0.013871695865990874,0.029841089670828564,0.9546019928253294,1.0155901770774962
2013-10-15,0.02026176200135126,0.022716000396786073,0.9739439112099718,1.0386603239429606
2013-10-22,0.010781264150031895,0.021306175234400336,0.9844442577840419,1.0607902028139085
2013-10-29,0.0064251258868697585,0.0005803708041828906,0.9907694360689103,1.0614058544769849
2013-11-05,0.021379150162910816,0.01415283373056874,1.01195124461945,1.07642775505605
2013-11-12,-0.03289609280268999,-0.03553304771016169,0.978662002564651,1.038178996279101
2013-11-19,0.018756328049572665,0.028982069500900216,0.9970181081344053,1.0682675721036368
2013-11-26,-0.013837032519756993,-0.01940587834651865,0.9832223361493629,1.0475369015578628
2013-12-03,0.022425176024469508,0.02495111291580736,1.0052712701087025,1.073674113072108
2013-12-10,-0.010333473065606554,0.01624304093079517,0.9948833265154062,1.0911138456370735
2013-12-17,-0.006330810340874481,-0.02570889244531991,0.9885849088639389,1.0630625171339905
2013-12-24,0.035175357898937845,0.026871643676950694,1.0233587368467167,1.0916287543007375
2013-12-30,0.02234871020863156,0.0048912040360122745,1.0462294846959752,1.0969681332696004
2014-01-07,0.02783958466938,-0.019118066012779256,1.0753560790187706,1.075996224083837
2014-01-14,-0.006681461334085317,0.006327472641460505,1.068171128956433,1.0828045607540424
2014-01-21,-0.02067457429752628,0.007411225068288372,1.0460871455883507,1.0908294690587597
2014-01-28,-0.03483920309170534,-0.033990218347760136,1.0096423030715758,1.053751937225281
2014-02-04,-0.002935109019438688,-0.014426132271321519,1.0066788928414234,1.0385503723977079
2014-02-11,0.007008763018158441,0.01012358946802802,1.013734466636731,1.04906423000973
2014-02-18,-0.006601712771299385,0.0067878117286576806,1.0070420828616289,1.0561850804943052
2014-02-25,-0.03271186803087855,0.013188206699778006,0.9740998551455182,1.0701142676490856
2014-03-04,0.0461598756284881,0.01654185527441127,1.0190641833087635,1.0878159429916192
2014-03-11,-0.00013970686715646108,0.03155011081014528,1.018921813044282,1.1221366565340474
2014-03-18,0.021873064270891755,0.0016809397348292341,1.0412087553480132,1.1240229006279239
2014-03-25,-0.0019963468112457663,0.013375302855781143,1.039130141569433,1.1390570473406558
2014-03-31,0.011757082222305412,0.023928273969918253,1.0513472800835406,1.1663127164367892
2014-04-09,0.011583655008951248,0.013557964589113654,1.0635257242706275,1.1821255429460722
2014-04-16,-0.0015547609324264864,-0.015972908141667776,1.061872196023901,1.1632435602366755
2014-04-23,0.030828070515103535,0.02525643599376704,1.0946076669609537,1.1926229467609548
2014-04-30,-0.007059254846119368,-0.019916269615567545,1.0868805524833602,1.168870346603551
2014-05-07,0.020008145923159578,-0.004338188425789251,1.1086270171784915,1.1637995667946672
2014-05-14,0.02956264354757157,0.06702848352236353,1.1414009625145467,1.2418072868808974
2014-05-21,0.036269177372939485,0.03737731929221287,1.1827986364776308,1.2882227143420413
2014-05-28,0.018201859254657823,0.011903734267907362,1.2043277707853979,1.3035573752114513
2014-06-04,0.04703224744763134,0.019040307101727508,1.2609700125090308,1.3283775079601992
2014-06-11,0.028150819947394264,0.030086139782515852,1.2964673522902361,1.3683432593486398
2014-06-18,0.0237018744208835,-0.011003567626431288,1.3271960586649947,1.3532866017582257
2014-06-25,0.010308655571770343,0.004979580433371286,1.3408776657099832,1.3600254012410844
2014-06-30,0.005177670367959378,0.009656345306329393,1.3478202882667882,1.3731582761408476
2014-07-08,0.006766570510046397,-0.0064114987080103065,1.3569404092822164,1.364354273627477
2014-07-15,-0.024718239112195305,-0.013807844220860462,1.3233992317845784,1.3455154823551636
2014-07-22,0.06865649525241353,0.030326254460349245,1.414259184858644,1.386319927253406
2014-07-30,-0.006733319935376019,-0.0029993521399377734,1.4047365252954467,1.3821618656129602
2014-08-06,0.022657620951140958,-0.009466354330455989,1.4365645130218136,1.369077831651024
2014-08-13,-0.01673839116214846,-0.001036672281974949,1.412518734273193,1.367658546611085
2014-08-20,0.0667577740856868,0.0250437799974056,1.5068153408276033,1.4019098863639847
2014-08-27,0.03692301745695098,0.005299249404823108,1.5624515099613825,1.4093389564949148
2014-09-03,0.027895491879612037,0.025577681093286578,1.6060368633697977,1.445386578876487
2014-09-10,0.05957129741639197,0.003459809441981095,1.7017105630192892,1.4503873410093966
2014-09-17,-0.03160810694441447,-0.014945911853522419,1.6479227135549357,1.4287099796572054
2014-09-24,0.03499743749745011,-0.0008149010477299185,1.7055957857232031,1.4275457223978805
2014-09-29,-0.0035611134254140272,-0.004497262029593354,1.6995219656723348,1.421125675225032
2014-10-07,-0.0018644139051355716,-0.01159547120275663,1.696353353287452,1.4046470533824622
2014-10-14,-0.005825934086979215,0.002379503071218965,1.6864705104629731,1.4079894153599646
2014-10-21,0.0006957669151211477,0.00603321818956135,1.6876439008474806,1.416484122711424
2014-10-28,0.009032985726663976,0.013640318901248796,1.7028883641155275,1.4358054178637636
2014-11-05,0.029473386378987235,0.03845231742496313,1.753078250831386,1.4910154635519428
2014-11-12,0.011967984846641539,0.009510333271271699,1.7740590647723131,1.5051955175229412
2014-11-19,0.009619895697153527,0.0029656515580735736,1.7911253279360126,1.5096594029546886
2014-11-26,-0.0025149823324871127,0.004082263118407697,1.7866206793809833,1.5158222298567279
2014-12-03,0.03932877356170375,0.016130804562336603,1.8568862795210155,1.540273661997792
2014-12-10,-0.004419458236464309,-0.020084924771647552,1.848679848158809,1.5093373813688162
2014-12-17,-0.05616038784285446,-0.04463490895714554,1.744857270888941,1.4419682447658027
2014-12-24,0.036016920490834436,0.024288068505598535,1.8077016564824024,1.4769908682775723
2014-12-29,0.014351415233302467,0.010224641385739633,1.83364473357251,1.4920925702357226
2015-01-06,0.022322324085760372,-0.010972194364585807,1.8745759455734632,1.4757210405451417
2015-01-13,0.0011714559712999793,0.021722148780194607,1.8767719287585607,1.5077768725459268
2015-01-20,0.04229572463875691,0.0410577234098862,1.9561513574670817,1.5696827583427406
2015-01-27,0.0011355901183602557,0.02095852781877378,1.9583727436186384,1.6025809981001167
2015-02-03,-0.01973396390530123,-0.012671097862098113,1.9197262865829425,1.5822745374412512
2015-02-10,-0.036593113929193476,-0.024875831004070106,1.8494775238651453,1.5429141434458196
2015-02-18,0.04115685707705386,0.03859969252431796,1.9255962059820868,1.6024701549742495
2015-02-25,0.009280204256568942,-0.01166900692393362,1.9434661320892748,1.5837709196404581
2015-03-04,-0.03462940461597667,0.018980431678844428,1.8761650570437083,1.6138315753756345
2015-03-11,-0.002380536080298528,-0.021044534190499713,1.8716987784328203,1.579869241609934
2015-03-18,0.010017635940581545,0.0014663373838856983,1.8904487753855914,1.5821858629405579
2015-03-25,-0.034652143283788635,-0.023062750015762867,1.8249406735502671,1.5456963059050857
2015-03-30,0.028745875127339875,-0.00035855402333469585,1.8774001902669468,1.5451420902757498
2015-04-07,0.047475362775057595,0.020380764671436912,1.9665304453738321,1.576633267601592
2015-04-15,0.03384745318318441,0.011169587369128294,2.03309249255693,1.5942436106331421
2015-04-22,-0.04226761961253549,-0.03961684338750309,1.947158512444432,1.5310847111891615
2015-04-29,-0.047905033335002886,-0.022528106082444536,1.853879818997247,1.496592272394283
2015-05-06,0.015481495523508103,-0.014863529793414657,1.882580651116175,1.4743476285649564
2015-05-13,0.011246255611610115,0.014893203011570297,1.903752634328099,1.4963053871068015
2015-05-20,0.017082189743914435,0.02418736357737007,1.9362728980531685,1.5324970695275313
2015-05-27,-0.03294917941499281,-0.008539254651229664,1.8724742949388267,1.5194106867985726
2015-06-03,-0.06009351388747289,-0.026383059069585123,1.7599507348919843,1.4793239848978068
2015-06-10,-0.013187412005687916,-0.0018199583796403075,1.7367415394412504,1.4766316768152892
2015-06-17,-0.0017169751074721708,-0.001561741079768327,1.733759597449917,1.4743255604659196
2015-06-24,0.01734233293147997,0.030984313255897497,1.763827033612042,1.5200065254725723
2015-06-29,-0.015575648542205757,-0.00636632887133778,1.7363542836472596,1.5103296640448345
2015-07-07,0.030668478854029485,0.030222670290172754,1.789605628278399,1.5559758595107287
2015-07-14,0.02516122824545834,-0.0043681437516398525,1.8346343039608686,1.5491791332823044
2015-07-21,0.007697294461882488,0.007129375734482416,1.8487560244283263,1.5602238134034936
2015-07-28,0.045033848693548865,-0.01904445355925499,1.9320126235037185,1.530510203447087
2015-08-04,0.04245808076294293,0.02893023725245659,2.0140421715074646,1.574788226750117
2015-08-11,0.0018438519611424726,-0.004932528060759752,2.0177557671152226,1.567020539631918
2015-08-18,-0.008715226540199787,0.0007463632394980035,2.000170568502019,1.5681901061582375
2015-08-25,-0.060552665222388675,-0.07550236406619376,1.8790549096798415,1.4497880458380752
2015-09-01,0.003232231123876681,-0.007245218688402378,1.885128449442382,1.4392840143941468
2015-09-08,-0.029886996531836064,-0.017670282494537927,1.828787622011832,1.4138514592699296
2015-09-15,0.014646319683932986,0.021265803027938193,1.855572630157837,1.443918145913527
2015-09-22,0.017851159575071565,-0.0022465899973254603,1.88869675328192,1.440674253849961
2015-09-28,0.025910020471413258,-0.0006586454878955023,1.9376329248237465,1.4397253602531355
2015-10-06,0.02509094208705639,0.0546859290652889,1.986249960326473,1.5184580791774358
2015-10-13,-0.015995307495613748,-0.0030944541808128377,1.9544792814479004,1.513759280225936
2015-10-20,0.016642038515717255,0.016116100653912096,1.987005800927928,1.538155177151851
2015-10-27,-0.012162148904714646,-0.005320612123756714,1.9628395405025105,1.5299712500680778
2015-11-03,-0.008297134686604242,-0.01676770470208952,1.9465535964667688,1.5043171439442495
2015-11-10,-0.01888586171592019,-0.03237529884606557,1.9097912544212703,1.4556144268497946
2015-11-17,0.015465233071859104,0.006785028570554409,1.9393266212894935,1.4654908123236816
2015-11-24,0.003807703169618779,0.004300389010454683,1.9467110014123037,1.4717929929079208
2015-12-01,0.01859205949178148,0.015645095398768308,1.9829043681638667,1.494819334689204
2015-12-08,-0.025642997110557498,-0.02940037243947864,1.932056757180529,1.4508710895196077
2015-12-15,-0.003269798997258477,-0.0020567446643591685,1.9257393199332538,1.4478870181475654
2015-12-22,0.025821171539538227,0.014473026492867361,1.975464165253684,1.468842325319894
2015-12-28,0.006280305370199432,0.01589635907426631,1.9878706834593631,1.492191570346659
2016-01-05,0.022680359009515698,-0.010160041147048465,2.032956304224713,1.4770308425926582
2016-01-12,-0.03710953135873618,-0.03525114842985167,1.9575142485021455,1.4249638091249555
2016-01-19,-0.08537310159965812,-0.028140099446565037,1.7903951856819933,1.384865185828423
2016-01-27,0.016109516124093417,0.002762963438925628,1.8192375857942364,1.3886915177047081
2016-02-03,-0.022132878249398743,-0.012206843521722386,1.7789726218011226,1.3717399776481436
2016-02-10,-0.040028515882073276,-0.018528429178424313,1.707762987955583,1.3463237906210765
2016-02-17,-0.02872453947644582,-0.020125744594717436,1.6587082825916397,1.319228021869245
2016-02-24,-0.018442379310369968,-0.011871537819448014,1.6281177552788324,1.3035667565151485
2016-03-02,0.06608570118962065,0.04733990357950418,1.7357130587557055,1.3652774810780226
2016-03-09,0.030455981432728194,0.022477860244576185,1.788575903445713,1.3959659974927612
2016-03-16,-0.03526944923181856,-0.005840544373794927,1.7254938164218805,1.387812796140096
2016-03-23,0.014070244493363793,0.029694876131090255,1.7497719362907238,1.429023725214618
2016-03-28,-0.01788877744451628,-0.013854943412674939,1.7184706555437588,1.4092246823663996
2016-04-05,0.012265151230114176,0.004605637363331945,1.7395479580185165,1.4157150602168358
2016-04-12,0.023262819322112906,0.0175753143504211,1.7800147478680517,1.440596697430772
2016-04-20,-0.0002122596314956841,0.026769292592077373,1.7796369225936122,1.4791604519314765
2016-04-27,-0.011833518668782555,0.006171631568648112,1.7585775558464458,1.4882892852717127
2016-05-04,-0.005108357556176626,-0.029913379112248076,1.749594112900915,1.443769523652683
2016-05-11,-0.005303333004018184,0.016755727250996572,1.7403154326983317,1.4679609320043088
2016-05-18,0.023821892318516353,0.004330350371606276,1.7817730395363234,1.4743177171717172
2016-05-25,-0.012784587445532413,0.0008004168208350283,1.7589938063042792,1.4754977858717966
2016-06-01,0.004960164841479296,0.028459977213909995,1.7677187055386894,1.5174904192368825
2016-06-08,0.003160126226438177,0.012669743010366207,1.7733049197810276,1.5367166328693067
2016-06-15,-0.010156972753910802,-0.005324697904894375,1.7552935100264357,1.528534081033851
2016-06-22,-0.03332671273786788,0.0008667089096218991,1.696795347447141,1.5298588751405438
2016-06-27,-0.008177362870142446,-0.00979478969582305,1.682920036174696,1.5148742291942536
2016-07-05,0.03339488809483179,0.03516112456874403,1.7391209624553003,1.5681389106729329
2016-07-12,0.029184236903642004,0.020032619486597646,1.7898758806276855,1.5995528407725714
2016-07-19,-0.011550888017302242,-0.0019534916055476636,1.769201224765685,1.5964281277254921
2016-07-26,0.030634453086640614,0.012788721406480758,1.8233997366865966,1.6168444022964432
2016-08-02,-0.0029552776398121708,0.00562585969738647,1.8180110842163273,1.6259405420562676
2016-08-09,-0.01800899007509885,0.007871807848554922,1.7852705406442557,1.6387396335765096
2016-08-16,-0.029495201983203007,-0.003962841574550933,1.7326136254532913,1.6322455680267083
2016-08-23,0.008671159308461435,0.0027932009401505603,1.7476373942196077,1.6368047578818772
2016-08-30,0.009085306016309351,0.013886341248004324,1.7635152147516384,1.659533987306182
2016-09-06,0.008535469831322978,0.020510724408499145,1.77856764566423,1.693572231566357
2016-09-14,0.015514126526557709,-0.020971766250820725,1.8061605691551068,1.6580550305970665
2016-09-21,0.03808327900237715,0.004882432631818925,1.874945086033333,1.666150372583805
2016-09-26,0.003303269026977008,-0.0015950985757571471,1.8811385340633096,1.6634926984974994
2016-10-04,-0.010006266328049478,0.008556007196641542,1.8623153608915155,1.6777255539974045
2016-10-13,0.0014378872288191504,-0.019735190348454546,1.8649931603649752,1.6446153208367995
2016-10-20,0.04632233544491524,0.016236764240026395,1.951383999141874,1.6713185520667617
2016-10-27,-0.002774149772950916,-0.011493871703719497,1.9459705676637147,1.65210863105326
2016-11-03,-0.014505796273565871,-0.014499171380071426,1.9177427150548296,1.6281544248731237
2016-11-10,-0.007696383020819018,-0.00024509470186955267,1.9029830325843824,1.6277553728497618
2016-11-17,-0.07757170542733004,-0.05977009928768919,1.7553653933475395,1.530464272598462
2016-11-24,-0.007312779953313306,-0.009553194417284085,1.7425287924883277,1.5158434498536217
2016-12-01,0.03903537371319881,0.029652650822669106,1.8105490551091186,1.5607922263739613
2016-12-08,0.00406029654395644,0.00695998011434253,1.8179004211802416,1.5716553092321444
2016-12-15,0.01813135023976598,-0.014105864513171352,1.8508614104176786,1.5494857523787093
2016-12-22,-0.025192384747877036,-0.024737990485388224,1.8042337976514382,1.5111545885791202
2016-12-26,-0.024437029124838267,-0.013482288908286772,1.7601436837902125,1.4907807658308134
2017-01-03,0.04331989287181377,0.04425114026356065,1.836392919611004,1.556749514601811
2017-01-10,0.010635879111136585,0.014718121998932928,1.8559245727045337,1.5796619438795003
2017-01-17,0.0036026058696777058,0.01562631446117605,1.862610737463838,1.6043462381569142
2017-01-24,0.007297467798674714,0.009884519544704724,1.8762030793419464,1.62020442990445
2017-01-31,-0.018035016990368576,0.008755681624004672,1.8423657249286325,1.6343904240584952
2017-02-07,0.019001940683965088,0.030341631320043857,1.8773742491518965,1.683980495738288
2017-02-14,-0.013538141651449707,0.00024331860269365054,1.851958090634094,1.6843902395194743
2017-02-21,0.004212200736833476,0.01580528727621775,1.8597589098680476,1.711012511140337
2017-02-28,-0.004234967357062558,-0.002090547231481135,1.8518828915927503,1.7074355586721428
2017-03-07,-0.005277722533010579,0.003398580897899861,1.8421091675272945,1.7132384165462409
2017-03-14,0.000755044713767639,0.01297299393688667,1.843500042316419,1.7354642481365368
2017-03-21,0.001094131439954947,0.009386585669344623,1.8455170736722755,1.7517543319777553
2017-03-27,-0.006120759431596475,-0.005550498154048404,1.8342211076374235,1.7420312227917665
2017-04-05,0.06872422229231775,0.025306194824769188,1.9602765267719588,1.786115404306566
2017-04-12,0.013167080126592,-0.002007387184840212,1.9860876448702427,1.7825299791333153
2017-04-19,0.009612372610616223,-0.0071606726204843955,2.0051786593500767,1.769765865516543
2017-04-26,0.020667519429303553,0.026162573245231312,2.046620728251419,1.8160674946000297
2017-05-03,0.0012283521866922305,-0.00038270652484246904,2.049134699298296,1.8153724737202919
2017-05-10,0.0058494331125227205,0.011242510057488726,2.061120975660391,1.8357818170141804
2017-05-17,-0.026771081187989768,0.009110357924088276,2.005942538682718,1.8525064464377128
2017-05-24,-0.05961738047339086,-0.03446879466412573,1.886353499146311,1.788652782121482
2017-05-31,0.01879212246556241,0.030142106431796357,1.9218020851156108,1.8425665446497164
2017-06-07,0.043402642309035816,0.009645609182188765,2.005213373604643,1.8603392214315837
2017-06-14,0.008722820022416792,-0.0012690505841191635,2.0227044889691395,1.857978356855966
2017-06-21,0.0020971758123667964,0.002707581227436953,2.0269464558989716,1.8630089841759732
2017-06-27,-0.02243560679362307,-0.01872424084513719,1.9814706822226944,1.8281255552596078
2017-07-05,0.023925254329839465,0.019887289270759077,2.028877872241993,1.864482017000323
2017-07-12,0.02022693794525515,0.015855173637815773,2.0699158590623328,1.8940437031244481
2017-07-19,-0.00874636341187032,0.008927843456991397,2.05181162272698,1.9109534288066437
2017-07-26,0.0106839664796105,0.009997517937232716,2.0737331093266707,1.9300582199883545
2017-08-02,-0.009227876893577337,0.004354907843977753,2.0545969554836687,1.9384634456699155
2017-08-09,-0.03543864874591182,-0.017036822069342338,1.981784815663863,1.905438188858113
2017-08-16,-0.010658651278777994,-0.00016787945097617948,1.9606616624041246,1.9051183049410982
2017-08-23,-0.01142116831998316,-0.00587097745405708,1.938268615539269,1.8939333983254776
2017-08-30,0.019999535565904968,0.00910308677926612,1.9770330876520241,1.9111740384045848
2017-09-06,0.037583402077719506,0.007993628183743788,2.0513367171062056,1.9264512530620153
2017-09-13,0.003121832311935067,0.015396683615042914,2.0577406463523267,1.9561122135052142
2017-09-20,0.015055155541709655,0.008069382024055811,2.088720251847659,1.9718968302379092
2017-09-25,-0.017683025207861455,-0.033574241474984376,2.051785358982066,1.9056918898957453
2017-10-03,-0.0045565886397887796,0.002464963951348702,2.0424362171240436,1.910389351706716
2017-10-10,0.04483777738586663,0.02008681196896934,2.134014517552283,1.9487629834019704
2017-10-17,-0.00815528825435125,0.018780272509166713,2.1166110140226735,1.9853612832860363
2017-10-24,0.003263309948394773,-0.0009497520091977196,2.1235181718016154,1.9834756824182522
2017-10-31,0.028447711801839762,0.017767795592519415,2.1839274047589976,2.018717672906193
2017-11-07,0.006546936020525506,0.0017424838314978705,2.198225437751427,2.0222352558115912
2017-11-14,-0.010737400090528109,-0.012874132318379777,2.1746222117371135,1.9962007315493804
2017-11-21,0.01036495141177112,0.014793128210793751,2.197162065300727,2.025730784905671
2017-11-28,0.024310016014751308,0.007501034250005404,2.250575110295192,2.040925860904539
2017-12-05,-0.002683920319579837,-0.021363042045319358,2.24453474602593,1.9973254759266557
2017-12-12,-0.0030933623463520565,0.011030629596095624,2.2375915867574947,2.019357233434448
2017-12-19,0.0158518327617271,0.022273794572161932,2.273061514379822,2.064335981619776
2017-12-26,0.02065574841309596,0.011740888525658449,2.3200133011483426,2.0885731202594795
2018-01-03,-0.0030288829651794846,-0.004093625865807069,2.3129862523815046,2.080023283311756
2018-01-10,0.04279058330784537,0.020260928983457546,2.4119602833039364,2.1221664873388733
2018-01-17,-0.016466154262988097,0.005814798662596307,2.3722445732028534,2.134506458191258
2018-01-24,-0.024847253523516338,0.017271281977164255,2.3133008108726965,2.1713721211127575
2018-01-31,-0.04608718474455266,-0.015831295223211115,2.206687289032283,2.1369964880239714
2018-02-07,-0.03437721222229848,-0.05068623103970955,2.1308275317889716,2.0286801903009404
2018-02-14,0.04141989047258834,0.013072498873060482,2.219086174771647,2.0552001098024495
2018-02-21,-0.027718727371057426,-0.01705855232826191,2.157575930080269,2.0201413711843346
2018-02-28,0.0083921256589918,0.010286225402504392,2.175682578404319,2.040921000673261
2018-03-07,-0.05055507122826914,-0.035095390794545316,2.065690790682984,1.9692940805738386
2018-03-14,0.007496617620635645,0.02402412483145615,2.081176484663203,2.016604647395392
2018-03-21,-0.016935448917207507,-0.022121935628390703,2.0459308266194958,1.9719934491977975
2018-03-26,-0.033130715298895774,-0.0038830720407638753,1.9781476748815308,1.964336056570648
2018-04-03,0.027555625106607837,0.011875094080850992,2.0326567706160743,1.9876627320488323
2018-04-10,0.012986766937907568,0.0159010892742028,2.059054410360825,2.0192687345981466
2018-04-17,0.0019857954646779474,0.012056426026260517,2.063143271270445,2.04361389872397
2018-04-24,0.020147019252141088,0.006441379162513571,2.104709458476656,2.0567775907074335
2018-05-02,0.0076624145675203955,0.00576120293065262,2.1208366148916853,2.068627103790718
2018-05-09,-0.013776457747240916,-0.0027105722907512695,2.0916189988778284,2.063019940483286
2018-05-16,-0.013412257639479076,-0.009576489823652327,2.06356566598125,2.043263451017256
2018-05-23,-0.021126387037058703,-0.027753063127767152,2.019969979045344,1.9865566314745147
2018-05-30,-0.005711458134958645,0.020419413879027182,2.0084330050761534,2.027120953526719
2018-06-06,-0.041145250128798896,-0.00530524041058891,1.92579552671536,2.0163665895269176
2018-06-13,0.03362622217374782,0.019606991168707025,1.9905527549579003,2.055901471440648
2018-06-20,-0.014120272529581517,-0.011719082928492287,1.9624456075733856,2.0318081916040254
2018-06-25,-0.011418064562248864,-0.004527618472683369,1.940038276926211,2.0226089393027697
2018-07-03,-0.038362477972534524,-0.007339658567545976,1.8656136012617552,2.007763680272621
2018-07-10,-0.00044260436403495114,0.022952324742606073,1.8647878725402338,2.053846524268648
2018-07-17,-0.009939267179393236,-0.004717182725388341,1.8462532476421643,2.0441581549237693
2018-07-24,-0.005723540674377904,0.014535305010600857,1.8356861420840822,2.0738706171954937
2018-07-31,0.01783839214436468,0.021157274896435773,1.8684318313405541,2.1177480679431397
2018-08-07,0.012817064515059045,0.00561623111516371,1.892379642664836,2.1296418305364
2018-08-14,-0.011424802089965696,0.0021999422965955366,1.8707595797683103,2.134326919675996
2018-08-21,-0.0014307398547033802,0.014018907789824377,1.8680830094789675,2.1642478519562736
2018-08-28,0.017394967752756958,0.012512040557667897,1.9005782531883273,2.1913270088567964
2018-09-04,-0.001729505933863081,-0.018010394656465655,1.8972911918216668,2.151860344605913
2018-09-11,-0.005311987197268704,-0.020288495367655573,1.8872128053012196,2.108202335972534
2018-09-18,0.005776650044310487,-0.0013375524351781872,1.898114573236586,2.1053825048042056
2018-09-24,-0.04408780152606284,-0.03659483544831543,1.814430874658004,2.0283363784851334
2018-10-03,-0.06357192130263939,-0.019657296255804483,1.6990840178851663,1.9884647693868256
2018-10-10,-0.04222610208384047,-0.034030055097331334,1.6273383226969254,1.9207972037254897
2018-10-17,-0.006108357429633969,0.0011544836257644582,1.6173979585629514,1.9230147326456049
2018-10-24,-0.024110625823112332,-0.023171511428767236,1.5784014815769745,1.8784555747904195
2018-10-31,0.0031778085226507936,0.02311922530725323,1.5834173392572946,1.921884012453665
2018-11-07,0.011109964620441,0.020569032781360408,1.6010090498758358,1.9614153077077967
2018-11-14,0.019595790257144755,-0.001348855431801564,1.6323820874169934,1.9587696420159764
2018-11-21,-0.011535797971210206,0.0021128852372650797,1.6135512574447286,1.962908297475795
2018-11-28,-0.005452759560539078,0.005922620046307253,1.604752950399277,1.9745338575074878
2018-12-05,0.006868440553769037,0.004025241153087118,1.61577510064258,1.9824818324488909
2018-12-12,-0.020382093711881794,-0.0008693774260891154,1.5828422211239577,1.980758307496128
2018-12-19,0.022209699747531775,0.024962312671809758,1.617996671602837,2.030202615695131
2018-12-24,-0.0017084735276294931,-0.02642535796167307,1.6152323671216111,1.976553784840662
2019-01-02,0.010327203638332255,0.013973123040337593,1.6319132007001014,2.004172414072085
2019-01-09,-0.013188210779201851,0.002641870070523221,1.6103911854359065,2.0094671771889905
2019-01-16,0.005161120958213248,0.0034292162652218602,1.6187026091339816,2.0163580747174366
2019-01-23,-0.0032657246981417174,-0.009815749965879583,1.6134163720443864,1.996566008014328
2019-01-30,-0.020968629628317102,-0.020283718442801538,1.5795852417027245,1.956068225255297
2019-02-06,-0.006526084584771224,0.026314308545960122,1.5692767348065162,2.0075408080716133
2019-02-13,-0.003748899179394489,-0.025310625418096994,1.5633936745431571,1.9567286946669689
2019-02-20,-0.012697040205761415,-0.004759279469840938,1.5435432022000495,1.9474160759623917
2019-02-27,0.010048692579579615,0.011372885954598937,1.5590537933222575,1.9695638169004646
2019-03-06,0.03939563687647518,0.031773266861907845,1.6204737104348723,2.032143293656401
2019-03-13,0.038496167153101175,0.023812490181952046,1.6828557372589794,2.0805336858849137
2019-03-20,-0.015266298073326148,0.010872728234702785,1.657164759959577,2.1031547632346848
2019-03-25,-0.014746029534567232,-0.01479639903695178,1.632728159465569,2.0720356461213987
2019-04-02,0.012034792344400275,0.03063009573892849,1.6523777038195917,2.1355022963365697
2019-04-09,0.0006865146831751829,-0.004428647847913678,1.653512085375415,2.126044908687684
2019-04-16,0.004443909216886868,0.010710134070419224,1.6608601429718486,2.1488151346994613
2019-04-23,-0.016739059629776138,-0.01984378514323107,1.6330589060019243,2.1061745088539623
2019-04-30,-0.0016864345011703653,0.00803145828335402,1.6303048591203992,2.1230901615592868
2019-05-07,-0.006538972241745826,-0.022091615533458193,1.6196443409010277,2.0761876699672515
2019-05-14,-0.03357126139511003,-0.025230668303212314,1.5652708373655286,2.0238040675310884
2019-05-21,0.003591981287442954,0.03978355142824578,1.5708932609231259,2.1043181807324047
2019-05-28,0.02550487517128828,0.024705470907259185,1.6109586974503882,2.156306352326106
2019-06-04,-0.0029612890316777453,0.006184096581936807,1.6061881831291427,2.1696411590691347
2019-06-11,-0.015219775941419204,-0.00719912516959968,1.581742358862162,2.1540216407918806
2019-06-18,-0.037072345181887574,-0.02587938929740645,1.5231034601456108,2.0982768761947894
2019-06-24,-0.014386531282517578,0.0013348898323273673,1.5011912845697153,2.1010778446622296
2019-07-02,0.012633405661231126,0.020547407225105195,1.5201564430427892,2.144249546748151
2019-07-09,-0.01864533654170717,-0.029677214118226623,1.4918126145662118,2.0806141938263956
2019-07-16,-0.002464531952797182,0.007847160163500207,1.4881359947100274,2.0969411066438033
2019-07-23,-0.03214567276565475,-0.031091780038510687,1.4402988619932868,2.031743475002323
2019-07-30,-0.07275086631015466,-0.024855012427506217,1.3355158720377454,1.9812444656816355
2019-08-06,-0.031172107369698547,-0.009490173866204533,1.2938850278806482,1.9624421112308612
2019-08-13,0.020101107220800524,-0.003195568811248402,1.3198935495574657,1.9561709924263315
2019-08-20,0.0171706169280033,0.007570218557721428,1.3425569360826595,1.9709796343752735
2019-08-27,-0.00394285354642818,0.007239824056087745,1.3372634307059441,1.9852491801462828
2019-09-03,-0.018866575185597933,-0.024373077669095806,1.3120338496475796,1.9368625476860688
2019-09-11,0.05170200719202187,0.02417536226121425,1.3798686331782348,1.9836869014265577
2019-09-18,0.011961640696090625,-0.015246557184295205,1.3963741259761187,1.9534425056482203
2019-09-23,-0.005931490419322353,0.06858758462214308,1.3880915462261016,2.0874244088088587
2019-10-01,-0.048806503310048696,-0.026630555057908623,1.3203436515805669,2.0318351381608517
2019-10-09,-0.01445757282126077,-0.006328223117231704,1.3012546870887514,2.0189772320691386
2019-10-16,-0.011973550594483351,0.011320610811782547,1.2856740482565856,2.0418332875512433
2019-10-23,-0.006126543644418702,0.019047926868027306,1.2777973100874451,2.080725978689223
2019-10-30,-0.0021892725517367395,0.019971137530197188,1.2749998635097877,2.1222804433722797
2019-11-06,-0.031262306644748855,0.007649610522878979,1.2351404268047317,2.1385150621844007
2019-11-13,0.025144384457413068,-0.00899052086387175,1.266197272555203,2.119288697900128
2019-11-20,0.018010952665973325,0.011516563818578974,1.2890026916969795,2.143695621439488
2019-11-27,0.005525132705881543,0.0072909932374884395,1.2961246026268438,2.159325291718637
2019-12-04,-0.024249798747986887,-0.0034484690732940124,1.2646938418608282,2.151878925230964
2019-12-11,-0.021593486211748704,-0.014909886425205259,1.237384692824523,2.119794654854977
2019-12-18,-0.011311156170786405,0.02369178881826429,1.2233884413206442,2.170016382155887
2019-12-23,-0.012984695131704199,0.003355449564349146,1.207503115382445,2.177297762680022
2019-12-31,0.007846556260153589,-0.0033113418506161914,1.2169778565116038,2.1700879854772066
2020-01-07,-0.012669398108948404,-0.006801687507280251,1.2015594795576836,2.1553277251366874
2020-01-14,0.026120186560237013,0.02758174067350651,1.2329444373269516,2.2147754155178263
2020-01-21,7.5710200303316134e-06,-0.008763528635301348,1.2329537719739827,2.1953661677431744
2020-01-28,-0.007978662921652467,-0.003063814448988846,1.2231164494294222,2.1886399731576214
2020-02-04,-0.03107386204450377,-0.010434922340676759,1.185109497615489,2.165801685006021
2020-02-11,0.04879890876088521,0.013599849792703783,1.2429415478612857,2.195256262602887
2020-02-18,-0.029062268508399505,-0.014168348010673824,1.2068188468570953,2.1641531079017184
2020-02-25,-0.0005090598237068683,-0.012274580902031736,1.206204503867668,2.1375890354943956
2020-03-03,-0.08725615982422794,-0.04117350663773704,1.1009557308974873,2.049576999152713
2020-03-11,-0.05884844945753585,-0.07574295121349593,1.0361661932127821,1.8943359884975857
2020-03-18,-0.18914429475595673,-0.1865271146024912,0.8401812693475861,1.5409909624754732
2020-03-23,-0.09261433831276787,-0.10948499047863579,0.762368437024178,1.3722755816211822
2020-03-31,-0.0057717604247589285,0.08966671857966049,0.7579682290502765,1.4953230300121487
2020-04-07,0.014161785850054493,0.021760102904920142,0.7687024127912315,1.5278614130213102
2020-04-15,0.05248592387558705,0.027325500069939904,0.8090484691119721,1.5696109901696826
2020-04-22,0.012105815722257874,0.02579533927440819,0.8188426607894165,1.6100996381899493
2020-04-29,0.020973406988116398,0.03496243595529475,0.8360165811733851,1.6663926436718086
2020-05-06,0.0019869060204050657,-0.028433283742882037,0.8376776675516768,1.6190116288072367
2020-05-13,-0.0036201080547885486,0.012078410665962642,0.8346451838800566,1.6385667161329396
2020-05-20,0.0005314720262500636,-0.03132255119342633,0.8350887744471333,1.587242626283021
2020-05-27,0.008543183240317767,0.02271487912102706,0.8422230908691675,1.6232966506747812
2020-06-03,0.06351537748955109,0.07997445872912426,0.8957172084161392,1.753118921669297
2020-06-10,-0.002285507552898044,0.01101426307448499,0.8936700399710434,1.7724282346734201
2020-06-17,0.011732837039690407,-0.01843645812608904,0.9041553249172772,1.7397509357433656
2020-06-22,0.02427165449975963,0.0425037927878681,0.9261006705777873,1.8136969490187014
2020-06-30,-0.01103439358865461,-0.006180005863383258,0.915881711275915,1.8024882912393654
2020-07-07,-0.019773165033405034,0.044307830273280786,0.8977718310477789,1.8823526365171752
2020-07-14,-0.0103264282134881,-0.017733862128967257,0.8885010546823723,1.8489712543830816
2020-07-21,-0.00034801656420721766,0.04339523888949599,0.8881918415980272,1.9292078036668465
2020-07-28,-0.012235710513687536,0.007844023548607549,0.8773241833436147,1.9443405551089665
2020-08-04,0.0035119811526034975,-0.007307134848360464,0.8804053293402407,1.9301329964816494
2020-08-11,0.012838280206878995,0.02380729370409746,0.8917082196539403,1.9760842396168576
2020-08-18,0.01158703010301307,0.009799806264126496,0.9020404696381746,1.9954494823266966
2020-08-25,0.056750651166121095,0.013557804530992772,0.9532318536683347,2.0225033963595527
2020-09-01,-0.024328482256413844,-0.00704577122275679,0.9300411694301162,2.0082533001315546
2020-09-08,0.005931801256299095,-0.011903942386613322,0.9355579888073515,1.9843471685490626
2020-09-15,0.011737876930557622,0.0260990262437231,0.9465394533413722,2.036136697377682
2020-09-21,-0.024410291065420392,-0.02719528691628326,0.9234341497804055,1.9807633756917227
2020-09-29,-0.02238122566346676,-0.0021520803443326993,0.9027665616888186,1.9765006137641226
2020-10-06,0.050321932276340575,0.032474221273216905,0.9481955194674683,2.0406859320421478
2020-10-13,0.029125954016468038,0.0118578102022895,0.9758126185660988,2.0648839985067857
2020-10-20,-0.004714309402684315,-0.0003543385936353319,0.9712123359631346,2.0641523304147347
2020-10-27,-0.038238914396453653,0.0015719716428644068,0.9340742305874605,2.067397119344699
2020-11-03,-0.039631425910819626,-0.005334263410030468,0.8970555369227278,2.056369078536976
2020-11-10,-0.00973933571825295,0.059063766591380296,0.8883188118907197,2.1778259818174157
2020-11-17,0.004133610512469448,0.02483201869704937,0.8919907758699755,2.2319057973168257
2020-11-24,0.003441300407853389,0.019916381603952905,0.8950603840907783,2.2763572848802625
2020-12-01,0.0135912646416541,0.009460945069687641,0.9072253866412165,2.297893776111498
2020-12-08,0.028646601701543446,0.023396076657914287,0.9332143109458562,2.3516554750491463
2020-12-15,0.04513209732181915,0.012197156551969807,0.975332230049579,2.380338985034618
2020-12-21,-0.05667574000236321,-0.023133670114665994,0.920054554163364,2.325273008193748
2020-12-29,0.05391180237687277,0.04436763708065225,0.9696563534633611,2.428439877134725
2021-01-05,0.03931490022396302,0.026162030173541465,1.0077782962513049,2.491972794474955
2021-01-12,-0.015134928194211023,0.02475992181524606,0.9925256441018571,2.553673846031875
2021-01-19,-0.016422350856640917,-0.006344151563024792,0.9762260397402028,2.5374729521101163
2021-01-27,0.0050137631909495115,-0.03634664096112036,0.9811206059242986,2.4452443337712158
2021-02-03,0.027654640782059193,0.054363500153728136,1.0082531438450115,2.57817637448609
2021-02-10,0.019036377337194193,0.022868314160037248,1.0274466311426576,2.637134921777824
2021-02-17,0.05743411308415489,0.011644294897791197,1.086457117143639,2.6678424984922686
2021-02-24,0.024949284468252744,-0.01129196781888398,1.1135634448218135,2.637717306853443
2021-03-03,0.023261111369611998,0.024857087802684703,1.1394661681289424,2.7032832775485605
2021-03-10,-0.0073028460153770295,-0.005754105038856771,1.131144822163365,2.687728301619761
2021-03-17,0.004276818898682906,-0.029267965976826793,1.1359825237159407,2.6090639611329993
2021-03-22,-0.002865517448400007,0.0015178694632262217,1.132727345973155,2.613024179647207
2021-03-30,0.008468259791697012,0.0010100683614267013,1.1423195754120152,2.6156635126987116
2021-04-06,0.020088569039086422,-0.002405573180280699,1.1652671410673794,2.6093713427039247
2021-04-13,0.009887988984094454,-0.013869445950429243,1.1767892897217809,2.5731808079016933
2021-04-20,-0.009674170184879965,-0.01077404055240558,1.1654048298612685,2.5454572535286886
2021-04-27,0.037476319068138905,0.025478208935414807,1.2090799131086996,2.61031094527026
2021-05-04,0.03224883975709845,-0.005023235497530732,1.2480713374800685,2.5971987386703854
2021-05-11,0.03411278867588463,0.027787601266620266,1.2906465312679547,2.669368661630727
2021-05-18,0.02043473286599723,0.01557080424766164,1.3170205483588413,2.7109328785258215
2021-05-25,0.045867838494856206,0.009650209126807925,1.3774294341653714,2.7370939477323355
2021-06-01,0.035612769495041136,0.019085088328319035,1.4264835110999878,2.789331627487715
2021-06-08,0.061436232152593265,0.02166096408889963,1.514121283249773,2.849751239702758
2021-06-15,-0.0038044162835818643,0.00824284724614809,1.5083609355844598,2.873241303861149
2021-06-21,-0.01704125088841825,-0.01114801804847212,1.4826565784508758,2.841210357948089
2021-06-29,0.021219278603061817,-0.004537265383876937,1.5141174814616873,2.828319032542659
2021-07-06,0.05934777976608684,0.0068387733228501,1.6039769922914577,2.847661265290921
2021-07-13,0.0357746726124477,0.004029718251234938,1.6613587440685833,2.8591365378649987
2021-07-20,-0.01098969098658437,-0.009777053823323318,1.6431009248534096,2.8311826060460623
2021-07-27,-0.019701567986706355,0.008499066362369877,1.6107292602733903,2.855245014898835
2021-08-03,0.051766486286855526,0.024165521700476953,1.6941110544371696,2.924243500266552
2021-08-10,-0.048693667593614334,-0.003332328971533569,1.6116185738857385,2.914498958930795
2021-08-17,-0.0005345936518663499,0.015860790700185375,1.6107570128269093,2.9607252169143043
2021-08-24,-0.029620994734138636,-0.003532179322756897,1.5630447878319866,2.950267404522755
2021-08-31,0.032965428697484575,0.035031020567791914,1.6145712293362369,3.053618282651078
2021-09-07,0.02692958149971757,0.015687796700994124,1.658050956843746,3.1015228254717466
2021-09-14,0.014786875645147942,0.008123509816189551,1.682568350155913,3.1267180765896025
2021-09-20,-0.015452691008025808,-0.00520653366299103,1.6565681413410698,3.110438713669156
2021-09-28,-0.013601659600778516,0.016070028303442518,1.6340360653770543,3.1604235518339427
2021-10-05,0.0214343437847943,0.012222104454278068,1.6690605561590988,3.1990505786042176
2021-10-12,0.02238612951388447,0.013206719851309825,1.7064243619357924,3.2412995433860137
2021-10-19,0.005192225063690444,0.017824039685051623,1.7152845012771274,3.2990725950784654
2021-10-26,-0.038270532305872136,-0.016385484060325535,1.6496396503572393,3.24501569365795
2021-11-02,0.01541484313919848,-0.011935753387979729,1.6750685868036983,3.206283986598325
2021-11-09,0.03989004869489992,0.014841997695017588,1.741887154298595,3.253871646136989
2021-11-16,0.01228022803365845,-0.0010648599435721445,1.7632779257622822,3.250406728559492
2021-11-23,0.003225672568093639,-0.026897857704149354,1.7689656829973388,3.1629777508940893
2021-11-30,-0.03632747036749085,-0.03041144309561941,1.7047036345671447,3.0667870330100633
2021-12-07,0.0415350653007448,0.01270791590861767,1.7755086113473082,3.105759504735194
2021-12-14,0.04298949728457412,0.014071926927095621,1.8518368339735614,3.1494635255389607
2021-12-20,-0.05164280829268103,-0.04936100909045581,1.7562027793673394,2.9940028278247732
2021-12-28,0.08552784877084604,0.03079306973938723,1.9064070250920084,3.086197365701904
2022-01-04,0.042284748904211494,0.030327182477627876,1.987018967457249,3.1797930363735203
2022-01-11,0.001121533355473184,0.013826193390452829,1.9892474755072103,3.223757469836036
2022-01-18,0.001015360527794016,0.0027397613091616905,1.9912672788738544,3.232589795822014
2022-01-25,-0.05240005935781978,-0.04757562720331852,1.8869247552635802,3.0787973087947345
2022-02-01,-0.042709974990943755,0.01914753037310716,1.80633424615648,3.1377486737775224
2022-02-08,-0.011061074380511926,-0.01714385890633899,1.7863542487036772,3.0839555532307283
2022-02-15,-0.04306931962866782,-0.0034663678186450204,1.7094171865962298,3.0732654289468777
2022-02-22,-0.059396996360079904,-0.02137711871561678,1.6078829401861154,3.0075678690276795
2022-03-02,0.00021803035848357325,-0.0199633516345102,1.6082335074799639,2.9475267340936253
2022-03-09,0.0014728906752673571,-0.015507260665643102,1.6106022596167837,2.9018186687090837
2022-03-16,0.01068744765426697,0.03592377464305122,1.6278154869582822,3.0060629486187875
2022-03-21,0.016895035051604113,0.008324241461696826,1.6553174866679865,3.0310861424521507
2022-03-29,-0.003552456682675947,0.010182644339667783,1.6494370430005225,3.0619506146036364
2022-04-05,0.025276921261964562,0.04258259438148208,1.6911297332630144,3.192336415641433
2022-04-12,-0.009552586412384028,-0.014671388194015741,1.6749750703514676,3.1455004088416647
2022-04-19,-0.009661195872210626,-0.028886163260730582,1.6587928081157324,3.0546389704951697
2022-04-26,-0.003824691503071624,0.011659134969595987,1.6524484373571757,3.090253418535561
2022-05-04,-0.03996348950478268,-0.033896371074649205,1.5864108315736576,2.9855050419461766
2022-05-11,-0.061556982867558466,-0.043183136656858974,1.4887561671935687,2.856581569730073
2022-05-18,0.03804926533670274,0.01063041868165392,1.5454022456207697,2.8869482278146
2022-05-25,-0.05038548781931596,-0.02374229426218913,1.4675363995981008,2.8184054534701204
2022-06-01,0.03832393471944238,0.03644091185074789,1.5237781687747038,2.921110718159692
2022-06-08,-0.0054700919344686984,-0.013917587996790434,1.51544296210377,2.880455902691337
2022-06-15,-0.011845656451059365,-0.036440818325184116,1.497491545403513,2.7754897324476575
2022-06-20,-0.057256082760419234,-0.032142950559942034,1.4117510455468611,2.686277303197966
2022-06-28,0.02801086999725343,0.03231284693470733,1.4512954205521609,2.77307857052038
2022-07-05,0.006950772882692186,-0.00017824980968116576,1.46138304540611,2.772584269792954
2022-07-12,0.02067226239873597,0.023559169059230316,1.4915931391858088,2.837904051335969
2022-07-19,0.017655145130799577,0.01978735757311849,1.5179274325342391,2.894058673557955
2022-07-26,0.014798999783338145,0.006390708564474713,1.5403912402794364,2.912553759109154
2022-08-02,0.021557198906432318,0.05198547532254469,1.5735977606398661,3.0639642506789078
2022-08-10,0.014069985190928457,0.007340386916365225,1.5957382578285473,3.0864549337768024
2022-08-17,0.008747731589170452,0.026241508628168,1.6096973477946017,3.167448167551958
2022-08-24,0.015274812762366004,-0.01551786358715263,1.6342851733862416,3.11829613896851
2022-09-01,-0.005300999128703667,0.004676230482682168,1.6256218291060678,3.132878010427585
2022-09-08,0.0032690425196254223,0.01508756705585358,1.6309360559862467,3.1801455174877207
2022-09-15,0.013835793970257002,0.009044279080611606,1.6535013512355359,3.2089076410648354
2022-09-19,0.002548338615019784,-0.018407802135382137,1.6577150325788768,3.149838704137398
2022-09-27,-0.05122235337134946,-0.045138911401432925,1.5728029673911235,3.007658413942536
2022-10-04,0.013008287124705054,0.016194414454788048,1.5932624399815354,3.056365680836352
2022-10-11,-0.009280089216119641,-0.016297157519143624,1.5784768223938141,3.0065556078996574
2022-10-18,-0.024604358287204402,0.022731440914555843,1.5396394131075888,3.074898949056955
2022-10-25,0.0037181244572175465,0.006744572959941095,1.5453639840647602,3.0956378293633158
2022-11-01,0.024728851319684757,0.025022925036778967,1.5835790602614934,3.1730997427084913
2022-11-09,0.008112471472754366,0.0019211708522661683,1.5964258002127159,3.179195809445516
2022-11-16,-0.028976537523157958,0.006170004336025905,1.5501669081099145,3.1988114613748704
2022-11-23,-0.019687398363808943,-0.007990014875537061,1.5196481546595606,3.1732529102144467
2022-11-30,0.02052549845435936,0.026257952201516912,1.5508396905091952,3.256576033454182
2022-12-07,0.013642915203495974,-0.005277135860380069,1.5719976649010283,3.2393906392859866
2022-12-14,0.003284072960158425,0.006417853990669479,1.577160219925762,3.260180575427665
2022-12-19,-0.026267028274607532,-0.01306706423282668,1.5357329078353856,3.217579586437938
2022-12-27,-0.0634162476549055,-0.01819275919269226,1.4383424894203087,3.15904293583855
2023-01-03,0.032641745362201074,0.009044417852753305,1.4852924987036007,3.1876146401650627
2023-01-10,-0.007921269663772164,-0.01494748614842711,1.4735270962917915,3.139967814484672
2023-01-17,-0.00312003286474384,0.004626351935531207,1.4689296433242705,3.154494410660719
2023-01-24,-0.0681356128538763,-0.0004936299009817626,1.3688432218371454,3.1529372578971366
2023-01-31,-0.027361745793744282,-0.029440720535722942,1.3313892815697475,3.060112513220718
2023-02-07,-0.012670666804869429,-0.002229587225067743,1.3145196915954027,3.0532897254539715
2023-02-14,0.00573377508999247,0.00447584920347324,1.3220568518583768,3.066955789839618
2023-02-21,-0.0030652113003745316,-0.003670944424773959,1.318004468256323,3.055697165581878
2023-02-28,-0.029785040565703393,-0.026498680765323787,1.27874765170353,2.974725221875619
2023-03-08,0.08525660747660234,0.027770985794231647,1.3877693383064449,3.0573362737540695
2023-03-15,-0.04481600378152246,-0.04031979734552129,1.3255750623930223,2.934065094779194
2023-03-20,-0.020232736200459137,-0.0002234590057470101,1.298755051841717,2.9334094515103177
2023-03-28,-0.03244344417063153,-0.011631505558433973,1.2566189648259647,2.899289483169913
2023-04-05,0.056457655807950514,0.03501315807990546,1.327564725823852,3.000802764163548
2023-04-12,0.023532951358424998,0.015782424843977298,1.3588062419418256,3.0481627082605587
2023-04-19,0.017931264482262288,-0.005665409545863692,1.3831713560462333,3.0308936181558335
2023-04-26,-0.030081056496483353,0.009254958975290942,1.341564100340689,3.058944414250337
2023-05-03,-0.004810183326802413,0.0188070212879475,1.3351109310733937,3.116474046967791
2023-05-10,-0.0006883356050541892,0.012414574114320105,1.3341919266828388,3.1551637449992276
2023-05-17,-0.02013267226309872,-0.002566912689406727,1.307331077886861,3.1470647151450333
2023-05-24,-0.012473210477431237,0.005808243686938282,1.291024462188691,3.1653436339091603
2023-05-31,0.0015880248515508445,0.016141454438819338,1.2930746411186067,3.216436883959112
2023-06-07,0.01619121217475586,0.015241272579663151,1.3140110869907544,3.265459475242815
2023-06-14,0.031929474018136554,0.004832351452829037,1.3559667698523692,3.281239323082159
2023-06-19,0.0013213230440256448,0.0036122742717164128,1.3577584399923082,3.2930920594682727
2023-06-27,-0.014273795866022333,0.0009877659459175373,1.338378073184489,3.2963448636613863
2023-07-04,0.007411674124887626,0.02428620038976702,1.3482976953188273,3.376400555574046
2023-07-11,0.027084271933807514,0.005553860975293064,1.3848153567465684,3.3951526148566065
2023-07-18,0.020355429062892418,0.013455069678039404,1.4130038675060272,3.4408346298570796
2023-07-25,-0.013459291845536781,0.0014758179231864304,1.3939858360743915,3.4459126752745433
2023-08-01,0.0515597698760782,0.009128893465665299,1.4658594249928996,3.4773700449791103
2023-08-08,-0.024977825491108226,-0.0059761365069219054,1.4292454440809306,3.456588806905234
2023-08-16,0.005938483946911788,-0.005675767364337698,1.437732995206802,3.4369700129630663
2023-08-23,0.0362181190391724,0.005767502024856078,1.4898049799737478,3.4567927444722
2023-08-30,0.026337035458137512,0.0011032285659503976,1.5290420265570264,3.460606376974472
2023-09-06,0.02612608834980889,0.01860162237498477,1.568989913633426,3.524979269987415
2023-09-13,-0.01329332189213139,0.014009580782893528,1.5481328256659894,3.5743627518283287
2023-09-18,0.011776564452902014,0.004955282639393986,1.5663645116690983,3.59207472951936
2023-09-27,0.01973834203046088,-0.009798323550236517,1.5972819501447988,3.556878419102901
2023-10-04,0.02369028499812016,-0.012599760114406977,1.6351220147660823,3.5120626042660934
2023-10-11,0.02468191592828189,0.016600381940186065,1.6754799588670215,3.570364184894755
2023-10-18,0.026739898316994182,-0.00363926732098789,1.7202821225992873,3.5573706751926424
2023-10-25,-0.07268099807997135,-0.03362546125461259,1.5952503009496395,3.437752445385657
2023-11-01,-0.024866424254623525,-0.0016616151973651943,1.55558213017391,3.4320402236776246
2023-11-09,0.026796097786360384,0.029041501946757788,1.5972656610487648,3.5317118265149094
2023-11-16,0.04004948858266388,0.02173193409567377,1.6612353339044184,3.6084627551736435
2023-11-23,0.034205050026158736,0.0026317135695245815,1.7180579716058417,3.617959195571558
2023-11-30,-0.018455294127295685,0.019759742394865994,1.6863507064121108,3.6894491372711884
2023-12-07,0.019949223972623224,0.03979886535152687,1.7199920943507176,3.8362850267067516
2023-12-14,-0.004044632199301427,0.014435530652780044,1.713035358943363,3.891663836802578
2023-12-18,-0.0022443267701962233,0.009576337959876394,1.7091907478289936,3.928931724930029
2023-12-26,0.0003184746037454534,-0.00331554114367956,1.7097350816751338,3.9159051901453155
2024-01-02,0.011307385490894089,0.014076563344535203,1.7290677153309397,3.97102767760559
2024-01-09,-0.0016288409899591256,0.002119124129691314,1.7262513389617937,3.9794427781768764
2024-01-16,-0.012681136678116134,0.018911023122322974,1.7043605097916383,4.054698112568941
2024-01-23,-0.02246829132466033,-0.03132510068061856,1.6660664413353932,3.927684285963205
2024-01-30,0.010494539210076861,0.01914721356627591,1.6835510409305805,4.002888495807449
2024-02-06,0.019625054615539855,0.023477332406943795,1.7165908220568922,4.096865639611451
2024-02-13,-0.025639476924084834,-0.012521370187808,1.6725783312866687,4.045567268328165
2024-02-20,0.06245489875150359,0.024718317334667818,1.7770390416211366,4.145566883865446
2024-02-27,-0.010134236961893537,0.0010334502439335773,1.7590301068828118,4.14985112097282
2024-03-05,-0.010334758092478044,0.00439317296486208,1.7408509562507921,4.1680821347256805
2024-03-12,-0.07135272314113224,-0.010332646452752357,1.616636499939454,4.125014815641527
2024-03-18,-0.03385634470773736,-0.01627551880385114,1.5619030973303938,4.0578780594433885
2024-03-26,-0.0031414875330724665,0.011091287691172494,1.5569963982222632,4.102885152416372
2024-04-02,0.025093579819327902,0.02821759288186851,1.5960670116194597,4.21865869528832
2024-04-10,0.030119979246871317,0.016794078683503723,1.644140516886054,4.289507181355839
2024-04-18,-0.008766196496177324,-0.028233055385556916,1.6297276580477043,4.1684012875278755
2024-04-25,0.014656046554781737,0.026726101738279075,1.6536130224756669,4.27980640442432
2024-05-02,-0.0025330325076677765,0.01033644976255383,1.6494243669346333,4.324044408317107
2024-05-09,-0.02340831906225277,-0.03504145402113488,1.6108141150843733,4.172523604997718
2024-05-16,0.02194879231569088,0.02871741182021942,1.6461695395555438,4.292347683692023
2024-05-23,-0.0008263068662866637,0.026780957568547068,1.6448092983619371,4.407300864878431
2024-05-30,-0.014054992910002858,-0.02098694481736472,1.6216915153351532,4.314805084833703
2024-06-06,0.009728948013084602,0.015516753768677059,1.6374688677811093,4.381756852894904
2024-06-13,0.028530478545755068,0.03319915750058503,1.68418663818268,4.52722748878343
2024-06-18,0.008888797246612252,0.011565485655264234,1.6991570317349394,4.579587073363072
2024-06-26,-0.0053427471317830065,0.0013612242985231832,1.6900788653771888,4.585820918564537
2024-07-03,0.01292842771992887,0.0184696569920845,1.7119289278291971,4.670519457957551
2024-07-10,0.009753904384000511,0.005533626242823166,1.7286269189034476,4.696364366997721
2024-07-18,0.006449043404127832,0.01011417616684029,1.7397749089329995,4.743864223549207
2024-07-25,-0.054085061536494436,-0.012615224870260911,1.6456790759237092,4.684019309615148
2024-08-01,0.025555288962282315,0.025716436308893892,1.6877348802481213,4.804475593860495
2024-08-08,-0.02829982862105918,-0.03407128210800362,1.6399722723793158,4.640780950521056
2024-08-16,0.01581160740551205,0.015449865011869233,1.6659028701061032,4.71248038975626
2024-08-23,0.01969744118624848,0.01570706742133461,1.6987168939120207,4.78649963695988
2024-08-30,0.010047073128608065,0.013489248953291406,1.7157840267699567,4.85106592217767
2024-09-06,-0.004599584587829512,-0.010821776692627353,1.7078921330043815,4.798568770046649
2024-09-13,0.015955820350976386,0.019188421353028617,1.7351429530574454,4.8906457294977885
2024-09-16,0.010921288978540559,0.0016716677393201326,1.754092950666864,4.898821264188233
2024-09-24,-0.01951566654663034,0.015888288400862233,1.7198606575498547,4.976655149257932
2024-10-01,-0.007816882099691284,-0.004854508255534158,1.7064167095618898,4.952495935750913
2024-10-08,-0.030516853208164444,-0.03126120150136169,1.6543422413242306,4.797674962368729
2024-10-15,0.03622396127166923,0.009490676255871926,1.714269070604046,4.843208142217474
2024-10-22,-0.056001264346104127,-0.03881284310131995,1.6182678352207986,4.655229464486552
2024-10-29,-0.026645118660384784,-0.0008503382724545827,1.5751488967270564,4.65127094470584
2024-11-05,0.05475077240791704,-0.005053728770061954,1.661389515480341,4.627764682915227
2024-11-12,-0.009191498068084263,-0.015379290427405793,1.6461188569584682,4.556592945826981
2024-11-19,-0.027371160486930404,-0.014629853947754392,1.6010626735440954,4.489930656530165
2024-11-26,0.00918680982955709,0.025363166828377217,1.6157713318511473,4.6038095168195845
2024-12-03,0.07469265723501166,0.02031694253062047,1.7364575861112634,4.697344850194732
2024-12-10,0.01853482268363205,0.012773203422115296,1.7686425195674835,4.757344991510094
2024-12-16,0.001580889753275195,0.0016105580551492508,1.7714385484038746,4.765006971807295
2024-12-24,-0.014864313343699826,-0.03887785352376134,1.7451073307512905,4.579753728717669
2024-12-31,-0.0025601727875448023,-0.0012186031148030939,1.740639554451756,4.574172826558822
2025-01-07,0.02412057726964603,-0.001508352923299695,1.782624785323512,4.567273359604204
2025-01-14,-0.01323079321301235,-0.03851998397611645,1.7590392454125061,4.3913420629777065
2025-01-21,0.014136230527721784,-0.0022275447429245102,1.783905429692967,4.3815601520509375
2025-01-28,-0.00971657465137404,-0.023722542597465646,1.766571979414364,4.277618404700551
2025-02-04,0.022605780603043923,0.03836127074397547,1.8065067180004901,4.441713282462682
2025-02-11,-0.005453197215007279,-0.03576121450055114,1.7966554805969979,4.282872221018587
2025-02-18,-0.0016908646276143618,-0.016183423267757936,1.793617579396847,4.2135606870641205
2025-02-25,0.0061671026499268864,-0.009346769263611469,1.8046790031237006,4.174177507543908
2025-03-04,-0.005907104693570779,-0.02453137434955624,1.79401857531396,4.071779196504851
2025-03-11,0.017808466606136192,0.019311823314263413,1.8259672952032266,4.150412676922446
2025-03-17,0.015862147123642884,-0.0006994212535402402,1.8549310570827005,4.147509790085244
2025-03-25,-0.0026652078894007824,0.049915395559430066,1.849987280195069,4.3545343818439575
2025-04-01,0.01421925596245928,-0.01711933388531912,1.8762927228594564,4.279987653846069
2025-04-08,-0.01514098115082432,-0.02799852876618064,1.8478838101092125,4.160154296400962
2025-04-15,0.03681285146599561,0.038992617475879954,1.9159096823371808,4.322369601521163
2025-04-22,0.03095075884331915,0.0378652593588165,1.9752085408807791,4.486037247527426
2025-04-29,-0.015323162159121944,0.0012338607616430043,1.9449421001107803,4.49157239286242
2025-05-06,0.0039174241378321616,-0.0070458204446375294,1.95256126324044,4.45992558026822
2025-05-13,-0.012934050631028631,0.0178898372243427,1.9273067370015031,4.539712922931901
2025-05-20,0.000585729754608153,0.01056851638075282,1.9284356179036217,4.587690953321822
2025-05-27,0.011228878343108336,0.010223328138282865,1.9500897868495783,4.634592423334662
2025-06-03,0.003977573115491647,-0.0046106983980891345,1.957846411558546,4.613223715472597
2025-06-10,0.0047569860282165675,0.027680053541629123,1.967159859583724,4.7409179949163915
2025-06-16,0.016256676703292828,-0.010492738844770508,1.9991393414446714,4.691172780511261
2025-06-24,-0.010583067481596035,-0.0005880623346074055,1.9779823148890492,4.688414078493906
2025-07-01,0.025033584019993334,0.02173000709551252,2.027498301358885,4.790293349686279
2025-07-08,0.0007543420853434263,-0.0018166073481556122,2.0290277286555627,4.781591267587419
2025-07-15,0.011216745125704747,-0.0052349024607010195,2.05178681554088,4.7565601036946585
2025-07-22,0.027551229555431673,-0.005469281402524185,2.108316065094655,4.730545137979533
2025-07-29,-0.010691120512372173,-0.01344502141855601,2.0857758039645575,4.666942857277952
2025-08-05,0.013100504928361392,-0.009077533918508587,2.113100520163852,4.62457852519527
2025-08-12,-0.01902513988963505,-0.010083996754172488,2.0728984871668743,4.577944290357785
2025-08-19,-0.010241802965611637,0.022066056379217144,2.0516682692935966,4.678961467169736
2025-08-26,0.007514816740703153,-0.01291694484666128,2.0670861803500533,4.6185235799586515
2025-09-02,0.02026901177044947,-0.0019434617335678662,2.1089839744701018,4.609547656115421
2025-09-09,0.015792826515263966,0.009888049849500848,2.14229079250238,4.65512709312274
2025-09-15,-0.006288774035488982,0.01162354950738809,2.128818409790024,4.709236193352837
