Date,Mean Return,Index Return,Strategy Wealth,Index Wealth
2014-01-09,-0.013642593634076904,-0.02156078592542253,0.9863574063659231,0.9784392140745775
2014-01-16,0.002484218391947763,0.016058417745036357,0.9888077335758512,0.9941513997123121
2014-01-23,-0.0015373729032122506,0.002734803555244593,0.987287567359765,0.9968702084946968
2014-01-30,-0.038164265109561814,-0.04650757155315947,0.9496084628996725,0.9505081959439167
2014-02-06,0.007355554049642788,0.00034923169028144147,0.9565933592745293,0.9508401435278124
2014-02-13,-0.0031344971052220515,-0.0069655711269596765,0.9535949201590086,0.9442169988777008
2014-02-20,0.01153004168955164,0.014547828707268985,0.9645899093433866,0.9579533060398652
2014-02-28,0.04303892569902522,0.02894246159431045,1.006104822781646,0.9856788328090667
2014-03-07,0.043908567046274646,0.03866446429430543,1.0502814438483343,1.0237895768458656
2014-03-14,0.011190160251477883,-0.004199604743082975,1.0620342615141507,1.0194900652830248
2014-03-21,0.008171710401002385,0.002465269163979105,1.0707128979351868,1.02200338270395
2014-03-28,0.04505853048066436,0.033578222875261056,1.1189576476828398,1.056320440067654
2014-04-04,-0.004647546397148221,0.004040343578846557,1.1137572400987898,1.0605883375748857
2014-04-11,0.010055752912746345,0.014754977942053178,1.1249569077100054,1.076237295101402
2014-04-21,0.0011496701825345283,0.005111182915724124,1.1262502371234357,1.0817381407773896
2014-04-28,0.007395550057715704,-0.005304380863313451,1.1345794771295963,1.0760001896843339
2014-05-05,-0.011061212739262161,-0.011061979403857763,1.122029652163465,1.0640974977474986
2014-05-12,0.03764316273131662,0.04275230993196473,1.1642663969492166,1.1095901237690278
2014-05-19,0.03607313423528465,0.04839307083024671,1.206265134971997,1.1632865972211246
2014-05-26,0.029041403351668608,0.01716195833842895,1.2412967673057738,1.1832508733382865
2014-06-02,0.00593547936695761,0.0028855402372554577,1.2486644586563884,1.1866651913440718
2014-06-09,0.042273714553616844,0.04550298380221659,1.3014501435548753,1.2406619983244553
2014-06-16,-0.01081207020003922,-0.021480990724696815,1.2873787732409088,1.214011349445964
2014-06-23,0.000976578497483279,-0.0040623942084841306,1.2886359996689722,1.2090795567709407
2014-06-30,0.020771681353182952,0.02106157667668981,1.3154031360343363,1.23454467856409
2014-07-07,0.03228725441838988,0.023751296398253543,1.3578738917502249,1.2638667151415524
2014-07-14,-0.049542839082737274,-0.05012757016358999,1.2906009640365932,1.2005121477008682
2014-07-21,0.03786815272604825,0.0329435929846737,1.339473638451116,1.240061331267882
2014-07-28,-0.007894087019683612,0.002243467176545617,1.3288997169886108,1.2428433681614852
2014-08-04,-0.008682530858072445,-0.00428611400808902,1.3173615041885733,1.2375163997913479
2014-08-11,0.0015648728344393697,-0.008749632770887354,1.319423007419614,1.226688585745223
2014-08-18,0.026027603485232746,0.02995979588680996,1.353764426286025,1.2634399253908293
2014-08-25,0.02565056906413782,0.005167085788637438,1.3884892541990475,1.2699682278741133
2014-09-01,0.010703023455347191,0.0167907196733963,1.4033502872542374,1.2912919083824674
2014-09-08,0.02523753995993044,0.020320475939822013,1.438767396206596,1.3175315745380403
2014-09-15,-0.0004888460929767303,-0.009166056795959212,1.4380640603862582,1.305455005295355
2014-09-22,0.014833529679993605,0.006599101553513264,1.4593956263077297,1.3140698354488412
2014-09-29,-0.022708014332127692,-0.024803926285906837,1.4262556495092893,1.2814757441158342
2014-10-08,-0.015016118490229833,-0.015193182799146596,1.404838825678898,1.26200604888281
2014-10-16,-0.01457698348465886,-0.013887323590918722,1.3843605133183692,1.2444801625082775
2014-10-23,0.051485516743615546,0.038781937319042975,1.455635029706022,1.292743514165466
2014-10-30,0.011721923500870401,0.01710227133810916,1.4726978721694233,1.3148523645153047
2014-11-07,0.024253673857659742,0.02274011129673909,1.50841620605189,1.3447522536231633
2014-11-14,0.017089388651382677,0.010024326325314786,1.534194116845155,1.3582324890401845
2014-11-21,0.00860369472662911,0.009517604076978483,1.547393854677881,1.3711596081153579
2014-11-28,0.012711235186875188,0.011560094048222891,1.567063141891417,1.3870103421402957
2014-12-05,0.0063883329298253,0.0006152654186652882,1.5770740629638773,1.3878637216391458
2014-12-12,-0.027786768201871728,-0.03747395269924054,1.533252271539116,1.3358549821814485
2014-12-19,-0.00801760415632843,-0.0002720927481366701,1.5209592617541239,1.3354915057282346
2014-12-26,0.0027503330636179622,-0.00023666678500005914,1.5251424063001424,1.335175439247179
2015-01-02,0.023214193231080045,0.027672896421934646,1.5605473568249084,1.3721236108825774
2015-01-09,-0.00816968300455955,-0.012623092427296327,1.5477981796060456,1.354803167720731
2015-01-16,0.04338989133410273,0.027610260238659118,1.6149569744262737,1.3922096357536602
2015-01-23,0.030171412490257996,0.03196512895023615,1.6636825074557078,1.4367117962862872
2015-01-30,-0.0005218131727664907,-0.000791974656811062,1.6628143760080163,1.435573956954487
2015-02-06,-0.02368663710946993,-0.019297666226331934,1.6234278953031047,1.4078707298899646
2015-02-13,0.023593521049575995,0.02017129323021304,1.6617302755234071,1.436269303212809
2015-02-20,-0.007464270717213381,0.003873068967034982,1.6493266708879109,1.4418320732793877
2015-02-27,0.0035211185410270202,0.0007672410013591126,1.6551341456089848,1.4429383059630823
2015-03-09,0.010642953023211088,-0.006823209865726359,1.6727496605678138,1.4330928350782004
2015-03-16,-0.025993549995886683,-0.013177773121753803,1.629268958635242,1.414207862835129
2015-03-23,-0.0030470351808414495,-0.010414804219560043,1.6243045187992275,1.3994791648179385
2015-03-30,-0.003908621126688178,-0.004991192014092859,1.6179557278408738,1.3924940955866099
2015-04-06,0.022024567028529018,0.02146083482760973,1.6535905022178976,1.422378181370416
2015-04-13,0.02236348318885923,0.022332092661518803,1.690570545615505,1.4541428627165025
2015-04-20,-0.04635848257542849,-0.04560126066402221,1.612198260434056,1.3878321149910398
2015-04-27,-0.025993721479870682,-0.03181543857251844,1.5702912278820012,1.343677627587574
2015-05-04,0.017714324015743122,0.020511614231108456,1.5981078754917821,1.3712386247356212
2015-05-11,-0.0030873980392447575,-0.003814726457605869,1.5931738803704871,1.366007724474151
2015-05-18,0.023443046841824192,0.010747587866447797,1.6305227302751835,1.3806890125191835
2015-05-25,-0.002183410171694224,-0.00018313550883060695,1.626962630360722,1.3804361593343388
2015-06-01,0.01855674558937324,0.0070405604973039805,1.6571537619757433,1.3901552036267983
2015-06-08,-0.04946785727436885,-0.04725689470931959,1.5751779161966437,1.324460785539394
2015-06-15,-0.010089173578482474,-0.004474459783555465,1.5592856727831435,1.3185345390196017
2015-06-22,0.045325786934365266,0.04397487834695683,1.6299615229575206,1.3765169349692497
2015-06-29,0.00392097181257237,-0.006624341297084935,1.6363525561446146,1.3673984169907962
2015-07-07,0.03239522870292886,0.02849183965971612,1.6893625714395415,1.4063581134386476
2015-07-14,-0.0013580373962812438,-0.005304503208550222,1.6870683538916487,1.3988980823135415
2015-07-21,0.01565977710012028,0.0070162356370539,1.7134874682662589,1.4087130808912762
2015-07-28,-0.021400454445252057,-0.02047570963760799,1.6768180577591165,1.3798686808842462
2015-08-04,0.017644027490376007,0.02724929843651562,1.7064038816665772,1.417469134372862
2015-08-11,-0.0022275040694560806,-0.005485928370723753,1.7026028600760292,1.4096930002339807
2015-08-18,0.0075350960067086655,0.0008857296618530402,1.715432136087999,1.4109416071383944
2015-08-25,-0.07814877678354903,-0.07378656002509221,1.5813732129975313,1.3068330795513772
2015-09-01,-0.013792965591584818,-0.008780417009336796,1.5595613866832023,1.2953585401513201
2015-09-08,-0.013194727414412374,-0.016959906293467275,1.5389833992998745,1.2733893806939112
2015-09-15,0.027132388020331903,0.021062953033462395,1.580739694046528,1.300210721412777
2015-09-22,0.002247069253347417,-0.003014647784598465,1.5842917256105655,1.2962910440419588
2015-09-29,0.0012457602553989746,0.0033407708158064344,1.5862653732752887,1.3006216553306855
2015-10-06,0.030621054720093847,0.04153552636375779,1.6348384920709413,1.3546436603849474
2015-10-13,-0.0034139866809046165,-0.004281930719060882,1.629257175233581,1.348843170082164
2015-10-20,0.011452780678311382,0.01593588151203393,1.6479167003300963,1.3703381750189094
2015-10-27,0.0006783176721268291,-0.0051786579317664476,1.649034511350123,1.3632416623596455
2015-11-03,-0.008718006296488173,-0.017796482441190455,1.6346582180970464,1.3389807560523628
2015-11-10,-0.023826712703722858,-0.033027219717179264,1.5957096863656686,1.2947579444251467
2015-11-17,0.004600612104646123,0.006030273437499956,1.6030509276642633,1.3025656888654058
2015-11-24,0.007352285167019466,0.0033974810105079235,1.6148370152217058,1.3069911310582651
2015-12-01,0.013049660069150662,0.015515031320289393,1.635910089337431,1.3272691393919747
2015-12-08,-0.018145618918293676,-0.03040118127582565,1.6062254882717222,1.28691858968351
2015-12-15,-0.006124943909704408,-0.0018422086853998822,1.5963874472497204,1.2845478170801925
2015-12-22,0.02185844328062104,0.014051234097005283,1.6312819917193238,1.3025972991667836
2015-12-29,0.01566706818211433,0.01738740050475627,1.6568393979078455,1.3252460801038102
2016-01-05,-0.015248110358443336,-0.012081241278965673,1.63157572792233,1.3092354624560725
2016-01-12,-0.03347247108229494,-0.03627649814090492,1.5769628565508755,1.261740984636278
2016-01-19,-0.035129361997210104,-0.02242236725081735,1.5215651575069453,1.2334497649033553
2016-01-27,0.007259671150930109,0.0012429364052228722,1.532611220185159,1.2349828645201673
2016-02-03,-0.017467157570331696,-0.011646062095267347,1.5058408585081264,1.2206001773933743
2016-02-10,-0.017362037640951334,-0.018542497539752397,1.479696392841426,1.1979672016070364
2016-02-17,-0.021848299999279612,-0.018193572220170002,1.4473675421427745,1.1761718988072039
2016-02-24,-0.01394326869690831,-0.012120886356612041,1.427186507599494,1.1619156528859211
2016-03-02,0.041307760487576915,0.048901584710603276,1.4861403860265152,1.218735169612098
2016-03-09,0.022553657743215907,0.021981584749059785,1.519658287651328,1.2455249000295863
2016-03-16,0.0014702293698056037,-0.006217879576169025,1.5218925338979017,1.2377803761920823
2016-03-23,0.03816354091418826,0.030185788163187083,1.5799733418823119,1.2751437524203664
2016-03-28,-0.006449365758796755,-0.013758227047930689,1.5697835159113644,1.2576000351558165
2016-04-04,0.013708834302742924,0.004696924750321369,1.5913034180221706,1.263506887886945
2016-04-11,-0.0010653345744503389,-0.008907041976280651,1.5896081474725106,1.2522527789992164
2016-04-18,0.029697434240329227,0.03156653426017866,1.6368154308999672,1.2917820592498992
2016-04-25,-0.01782407288795429,-0.006461860582650315,1.6076407133554778,1.2834347436798574
2016-05-02,0.00560040033178948,-0.0020468473705883335,1.6166441449399522,1.2808077486494345
2016-05-09,0.004460450904728538,0.0035923637996527233,1.6238551067788738,1.2854088760399973
2016-05-16,-0.0023705595323396255,-0.00013302214214002938,1.6200056615763607,1.2852378881977806
2016-05-23,-0.010317372251158823,-0.017041193972085887,1.6032914601168926,1.2633359000447282
2016-05-30,0.0498516583903312,0.052932708279502395,1.6832181982867753,1.3302076907008182
2016-06-06,-0.0001997320357317022,0.0012153082091731974,1.682882005689451,1.3318243030272323
2016-06-13,0.0012786334662826836,-0.008881989752448133,1.6850337949417302,1.319995053215683
2016-06-20,0.013498996947312457,0.015579735745071845,1.707780060995767,1.3405602273295854
2016-06-27,-0.007509519937399446,-0.013984067902737719,1.694955452579026,1.3218137420828988
2016-07-04,0.03733948159217603,0.03837243487975531,1.7582442105001588,1.3725349538241407
2016-07-11,0.012979520992689357,0.011936850211782993,1.78106537814062,1.3889186979783759
2016-07-18,-0.0010385616848903303,0.002607664070194206,1.7792156318805985,1.392540531363515
2016-07-25,0.018423136586247484,0.01907685438410444,1.8119943644831213,1.4191058243043002
2016-08-01,0.011478783772266925,0.003548973645584555,1.8327938559895893,1.4241421934750516
2016-08-08,0.02031756151850894,0.00888471697701341,1.870031757909403,1.4367952937991004
2016-08-16,-0.016359055166843536,-0.007410853384109399,1.8394398052180136,1.426147414533777
2016-08-23,0.0019372525814060422,0.0012098488233946117,1.8430032647290133,1.427872837305238
2016-08-30,0.008827150992949458,0.014043414835942434,1.859271732827275,1.4479250478924899
2016-09-06,0.01569853172423389,0.02150341392193081,1.8884595691090353,1.4790603795252535
2016-09-14,-0.01979170948976538,-0.022480058013052896,1.8510837259340618,1.445811016388718
2016-09-21,0.008256031548566176,0.004601556788371314,1.866366331574411,1.4524639978858833
2016-09-28,0.005142453413628999,0.0021725171232875934,1.8759640334872982,1.4556195007922492
2016-10-05,0.0090160480957574,0.005083134884615013,1.892877815439131,1.4630186110554522
2016-10-13,-0.015581530738087275,-0.0197303413763426,1.8633838815744226,1.4341527544193855
2016-10-20,0.009386648705618826,0.015477661442413915,1.8808748114744742,1.4563500852089941
2016-10-27,-0.012762807169050297,-0.01209307289998925,1.8568695689465016,1.4387383374606562
2016-11-03,-0.0033444314686936183,-0.015060989444342561,1.8506593959268574,1.4170695145469903
2016-11-10,-0.012269770725722778,0.002040301438083473,1.8279522294474302,1.4199607635153846
2016-11-17,-0.06265358660386933,-0.05707780052326787,1.7134244661320097,1.3389125263045865
2016-11-24,-0.0072693249517872,-0.010344227085389257,1.7009690269073536,1.3250625110850196
2016-12-01,0.03173917883614282,0.029081225658110794,1.7549563870471059,1.363596952980986
2016-12-08,0.010044995325655729,0.007740273360464355,1.772584915751724,1.374151566150555
2016-12-15,-0.01985588390962824,-0.014196511391144995,1.7373886754445995,1.354643407788539
2016-12-19,-0.006881017830631558,-0.006506248063616731,1.7254336729901278,1.3458297617397235
2016-12-28,-0.006386611538956966,-0.01123400513686748,1.7144139983845044,1.3307107032829903
2017-01-04,0.020989162353796206,0.024501831201806802,1.7503981121382175,1.3633155523132678
2017-01-11,0.017113329139974418,0.026142969722580674,1.7803532511572284,1.3989566695197169
2017-01-18,0.0031175248452441264,0.0070342586203057346,1.7859035466510222,1.4087972925317203
2017-01-25,0.02867165675917146,0.02101063241893061,1.837108360145587,1.4383970145978888
2017-02-01,0.003688275695591377,0.01316316478853423,1.8438841222604798,1.4573308715323765
2017-02-08,0.0037948410458322162,0.010962124045087918,1.8508813694113921,1.4733063133208504
2017-02-15,0.0016550977822496937,-0.009078322993838539,1.853944759061112,1.4599311627396623
2017-02-22,0.017665512256753228,0.025372752287707134,1.8866956429256496,1.4969736344889601
2017-03-01,0.0024460541988325633,0.0029435932640600026,1.8913106027249469,1.5013801159959173
2017-03-08,0.002826325850565319,-0.005455073425703182,1.8966560627728768,1.4931899772232688
2017-03-15,0.02047402438484901,0.018477966172391575,1.93548824525176,1.5207810911113544
2017-03-22,-0.00014710135017747942,-0.0036756424695402515,1.9352035323176309,1.5151912435459918
2017-03-29,0.007338504724228082,0.013883322543186315,1.9494050325818866,1.5362271322947523
2017-04-05,0.017180128885458987,0.016064949017858952,1.9828960622916056,1.5609065428549194
2017-04-12,-0.0036812038000629916,-0.0028030764012888527,1.975596617771968,1.5565312025600253
2017-04-19,-0.007939298158905454,-0.008662945401436525,1.959911767181751,1.5430470577366155
2017-04-26,0.02269841582435933,0.026700302724520723,2.0043986594522973,1.5842468812963642
2017-05-03,0.00047517587610780717,-0.001572543392369233,2.0053511013413723,1.5817555843313
2017-05-10,0.015905858013560273,0.01074951272813172,2.037247931226645,1.5987586861178626
2017-05-17,0.006808486321397408,0.009661271158378693,2.0511185058996966,1.6142047273012607
2017-05-24,-0.031792589270974524,-0.030259477187228778,1.9859081376955325,1.5653597361799714
2017-05-31,0.027451533836517973,0.029433121462604465,2.040424362133698,1.611433159427627
2017-06-07,0.011050550456754904,0.008019943570517527,2.0629721745006484,1.6243567624338973
2017-06-14,-0.005656502631310194,-0.002636069093767374,2.0513029669672656,1.6200748457751932
2017-06-21,0.008788721414319816,0.0022201505089044895,2.0693312972803084,1.6236716557685045
2017-06-28,-0.013371738721969263,-0.017836935882928326,2.0416607398438824,1.5947103285496336
2017-07-05,0.016632466246806202,0.019186080571774494,2.0756185931867654,1.6253065694018278
2017-07-12,0.012439732801700357,0.01678434227795721,2.1014387338842497,1.6525862711692805
2017-07-19,0.0031467856337751387,0.009629245771894354,2.1080515111022957,1.6684994305336278
2017-07-26,0.005611405830057856,0.010302640051513165,2.1198806436417574,1.6856893795925705
2017-08-02,0.008286180161923373,0.005292764707512334,2.137446356576747,1.6946113368487064
2017-08-09,-0.004327198919434741,-0.01612547549479023,2.128197201012218,1.6672849232631588
2017-08-16,0.0018416069853851064,6.537229522135317e-05,2.132116503843879,1.6673939175053805
2017-08-23,-0.005423239120151335,-0.00646209588555,2.1205535262115127,1.656619058131478
2017-08-30,0.0073768582284487495,0.007810590822790793,2.1361965489402124,1.66955823174378
2017-09-06,0.013081402883875113,0.006481697365353229,2.1641409966360428,1.6803798029357775
2017-09-13,0.013775910735353922,0.01590066716085993,2.1939540098244206,1.7070989628860906
2017-09-18,0.005572342525107509,0.008619431573570724,2.2061794730514954,1.721813185586001
2017-09-26,-0.02854793558611008,-0.03380914570325179,2.143197603563423,1.6636001527207438
2017-10-03,0.0045684086063213026,-0.00020545194759114387,2.1529886059405894,1.6632583628293545
2017-10-10,0.007447110786668041,0.018214255690787322,2.169022150611463,1.6935533759297687
2017-10-17,0.017137018195750954,0.019411241273656336,2.206192722673478,1.7264273491197566
2017-10-24,-0.0027029564939390514,-0.0020967379077614645,2.200229479726847,1.7228074834518612
2017-10-31,0.002699836606568851,0.017052627781985946,2.2061697398190656,1.7521858782071857
2017-11-07,0.005104187485926927,0.0014807196119983267,2.217430443796881,1.7547803742009136
2017-11-14,0.007153220507193808,-0.013324479858344401,2.2332922127207246,1.7313988384490555
2017-11-21,0.0011741424185899723,0.014626048723585625,2.235914415840787,1.756722362220171
2017-11-28,0.007146669517463967,0.0061817377846561695,2.2518937572401345,1.7675819592238582
2017-12-05,-0.015354195628875807,-0.02212280485875498,2.2173177399560253,1.728478088468093
2017-12-12,0.017994357071814147,0.011163342531256362,2.257216947110462,1.7477736814274334
2017-12-19,0.021582395380018892,0.0221335300758229,2.3059330957214796,1.7864580827710392
2017-12-26,0.003848573240477704,0.009670490220803792,2.314807648128005,1.8037340081903526
2018-01-02,-0.0036264387439949503,-0.0066063169137217355,2.3064131399879377,1.7918179697041896
2018-01-09,0.012855622102575962,0.02234380148091636,2.3360635157280383,1.8318539947091985
2018-01-16,0.006077113077244678,-0.0014417653993266106,2.3502600378687437,1.8292128910030085
2018-01-23,0.0079158708624327,0.030618051485888517,2.368864392821649,1.8852198254783896
2018-01-30,0.004184413516396934,-0.010251677022728367,2.378776701005483,1.865893160710741
2018-02-06,-0.03779786141259909,-0.05484504837554751,2.2888640289293583,1.763558160047957
2018-02-14,0.010048928946373357,0.009637492842355603,2.3118646609239795,1.7805544391924972
2018-02-21,-0.014175084663918432,-0.015243130993202882,2.279093783623861,1.7534132146353572
2018-02-28,0.011365005242642633,0.009994506565540151,2.3049956964232203,1.7709377145211354
2018-03-07,-0.018553844300002384,-0.03434511799280639,2.2622291651596083,1.7101146497579962
2018-03-14,0.014424426048867074,0.025019305019304987,2.2948605224580434,1.7529005297982736
2018-03-21,-0.016001898014379616,-0.02221946485389385,2.258138398420444,1.713952018084049
2018-03-28,0.0009856333636505754,-0.0030365656895270207,2.260364094965668,1.7087474901924393
2018-04-04,0.008068430355130118,0.005691581732386422,2.278601685243135,1.7184729661928797
2018-04-11,0.01825738356185798,0.029056259210038737,2.320202990195315,1.768405362144024
2018-04-18,0.017637262443301032,0.00959350593444428,2.361125019255122,1.785370569480256
2018-04-25,0.006910988476925736,0.00462064584620475,2.3774427270557754,1.7936201345860612
2018-05-02,0.0031742738472490505,0.010420095279341643,2.384989381327601,1.8123098272833935
2018-05-09,-0.015429810095155563,-0.0024945779362724103,2.348189448094754,1.8077888791745627
2018-05-16,0.0035657853319621346,-0.007064161839775934,2.3565625875854384,1.7950183659599264
2018-05-23,-0.01466689219259518,-0.02815475160117702,2.3219991381682195,1.744480069746774
2018-05-30,0.02434474820165413,0.020340734011951484,2.3785276225113825,1.7799640748346437
2018-06-06,0.00047346622860476237,-0.0005935184296201562,2.3796537750144453,1.7789076333521674
2018-06-13,0.01134043878816482,0.018147996122372435,2.406640092987022,1.8111912421843013
2018-06-15,-0.003453675105445199,-0.00458908398452578,2.398328340010106,1.8028795334618801
2018-06-21,-0.015263544719349847,-0.012424708500528467,2.361721348140678,1.7804792807970475
2018-06-28,-0.007946029558009295,-0.019062948623134846,2.3429550405005704,1.7465380957426573
2018-07-05,0.02148310277936759,0.014359965940537824,2.3932889844430814,1.7716183233113736
2018-07-12,0.018216154550416388,0.02316308596311757,2.436885506467506,1.8126544708280692
2018-07-19,-0.011596373035487524,-0.01232352237377369,2.4086264730897358,1.7903161829008987
2018-07-26,0.014976462915395693,0.02616596002422771,2.4446991781410046,1.8371615245734114
2018-08-02,0.014905253558243006,0.01004266657672398,2.4811380392648243,1.855611525212288
2018-08-09,0.012801821847843455,0.018792002337521423,2.5129011264234,1.890482181331609
2018-08-16,-0.006811740453203414,-0.00821888623029279,2.495783896165641,1.8749445233628488
2018-08-23,0.025548642011130846,0.02001107136070334,2.5595477854659223,1.9124641720172226
2018-08-30,0.0009683671132406793,0.009679640354785144,2.5620263673661356,1.9309761373937613
2018-09-06,-0.024584731151025326,-0.01607701564380262,2.499039637922601,1.8999318038250723
2018-09-14,0.005264500251225728,-0.0013861030934559627,2.512195832724268,1.897298302474435
2018-09-21,-0.03129113824460335,-0.03659492471994519,2.4335863656249765,1.8278668139241032
2018-09-28,-0.03284620515022436,-0.02790819872196885,2.3536522886088695,1.7768543436438173
2018-10-05,-0.0510271249472914,-0.05475976669776204,2.2335521791955464,1.6795542143299769
2018-10-12,0.026743138940854776,0.016740453790813504,2.2932843754554217,1.707670714044134
2018-10-19,-0.022619149217934884,-0.015457885426588618,2.241412233967837,1.681273735800099
2018-10-26,-0.022963496515486546,-0.025255456966212453,2.1899415719433475,1.6388123993171764
2018-11-02,0.04363101258002117,0.05657434540126666,2.285490940218319,1.7315271380440247
2018-11-09,0.012587227612528335,0.004544844553791033,2.314258934889218,1.7393966597271053
2018-11-16,0.015695410930023617,0.006225341325044883,2.3505821798707833,1.7502249976335493
2018-11-26,0.004649079661996245,-0.005009647554477736,2.3615102236770715,1.7414569872543686
2018-12-03,0.021737255171799173,0.021696199829205773,2.4128429739999526,1.779239986043806
2018-12-10,-0.039563233539212844,-0.03938879456706278,2.3173831039261437,1.7091578677480228
2018-12-17,0.05513864461418041,0.04317009725281193,2.4451604673284337,1.7829423791191137
2018-12-24,-0.014575626077664904,-0.018089561575755374,2.409520722656766,1.7506897331660147
2018-12-31,0.018955386393404834,0.018537854387144725,2.455194118977641,1.7831437645165158
2019-01-07,-0.018359931895358395,-0.009773515077275925,2.410116922163327,1.765716182049063
2019-01-14,-0.008607396700854782,-0.0036847923356319416,2.389372089718824,1.7592098845945474
2019-01-21,0.006525664736693899,0.013728183723428579,2.404964330907543,1.7833606410983331
2019-01-28,-0.03603723980569061,-0.02992503539753824,2.3182960545904954,1.7299935107868891
2019-02-04,0.026313885527187077,0.02037143164153444,2.379299431589119,1.7652359553321824
2019-02-11,-0.011066048781667073,-0.00673973901062747,2.352969988012961,1.7533387257010677
2019-02-18,-0.028880742408465054,-0.02341341014109893,2.28501446789431,1.712287086999957
2019-02-25,0.024485011661209012,0.025250377715252494,2.340963073786733,1.7555229827036551
2019-03-05,0.021973503753381852,0.017683809254879782,2.392402234675114,1.7865673162723443
2019-03-11,0.01776333088311725,0.01827830188679255,2.4348992671751577,1.8192227330202468
2019-03-20,-0.0038436220403041815,0.011919382244578565,2.4255404346859226,1.8409067441631422
2019-03-27,0.0012079041910064833,-0.006167964820987615,2.4284702551424355,1.829552096126425
2019-04-03,0.010966616050053956,0.01671169400369692,2.455102356019559,1.8601270109207122
2019-04-10,-0.0010039315488594807,-0.0041874048784500545,2.4526376013086715,1.8523379060006462
2019-04-18,0.014002094404165189,0.012805049320093187,2.486979664541401,1.8760571842444624
2019-04-25,-0.011930903895037627,-0.011264641587001236,2.4573077491748445,1.8549240724672298
2019-05-02,-0.008589777688366143,0.002425442395743071,2.4362000218975335,1.8594230839534762
2019-05-09,-0.026161699933514054,-0.03550354294743596,2.37246488794663,1.7934069766348801
2019-05-16,-0.01144460006719296,-0.007585647851870782,2.345312976130623,1.7798028228550398
2019-05-23,0.04732440040668767,0.03593967637095249,2.456303506492029,1.8437683603125576
2019-05-30,0.01820189827246182,0.02647610510764736,2.5010128930434883,1.8925841652143476
2019-06-06,-0.004444603654882741,-0.00886995051586409,2.4898968819981584,1.8757970373217883
2019-06-13,-0.0012368770332646735,0.0040790021129230945,2.4868171857296173,1.8834484174004387
2019-06-20,-0.009339553671567165,-0.00883172596462426,2.46359142315212,1.866814317109453
2019-06-27,0.009077078303877316,0.004065840382975814,2.4859536354088325,1.874404486147474
2019-07-04,0.011538861158966946,0.009062112206910064,2.514638709255444,1.891390549922078
2019-07-11,-0.02592665394341661,-0.03165908833476264,2.449442541647858,1.8315108494265597
2019-07-18,-0.00214832843396491,8.355265906367865e-06,2.4441803345882724,1.8315261521867168
2019-07-25,-0.02170719936045835,-0.03124007820463543,2.391124024792453,1.7743091319585687
2019-08-01,-0.015291785142719281,-0.023441744935185995,2.3545594699557326,1.7327162298510246
2019-08-08,0.0092969984671633,0.005387312437626403,2.376449805738756,1.7420509135469782
2019-08-16,0.0014096541554375617,0.0009750612707420448,2.379799778082605,1.7437495199244386
2019-08-23,-0.021446860883037502,-0.021412900394910048,2.3287605433125838,1.7064107851406243
2019-08-30,0.02130414681073773,0.02081427674648017,2.3783727998143687,1.7419284914657196
2019-09-06,-0.012194502240166785,-0.007291511099788282,2.3493697273790803,1.7292272005351599
2019-09-13,0.01407001710293782,0.013495455792426616,2.3824253996244282,1.752563909775044
2019-09-20,0.03317323712477671,0.020528089691423813,2.4614581623382605,1.7885406989048585
2019-09-27,0.02867267983237581,0.017702370868519866,2.5320347641477734,1.8202021096703138
2019-10-04,-0.03760046328826468,-0.03214904242261191,2.436829083953825,1.761684354828795
2019-10-11,0.01229586851229467,0.008573513316307822,2.4667920139570567,1.776788179104051
2019-10-18,0.039094067242629635,0.035242746040358694,2.5632289468242755,1.8394070736677262
2019-10-25,0.00044087755210071497,-0.005748704253708402,2.564359016927825,1.8288328663990312
2019-11-01,0.014159426001101245,0.02854154464061588,2.6006688686682713,1.8810305812955845
2019-11-08,-0.007593217931950592,-0.0012691078009453521,2.580921423179634,1.8786433507110456
2019-11-15,-0.00665724046343235,-0.001067079379301948,2.5637396086483033,1.8766386891304392
2019-11-22,-0.005610155897791104,0.001019293181336334,2.5493566297624444,1.878551534150102
2019-11-29,0.014588275620742835,0.013481699916095765,2.586547346932987,1.9038776022104351
2019-12-06,-0.016752315390857826,-0.01459642805472056,2.543216690003779,1.8760877897647765
2019-12-09,0.0013144857604255383,0.0005954420137360391,2.5465597121284653,1.8772048912562596
2019-12-17,0.0027232883756453754,0.016377688555163767,2.5534947285903917,1.907949168319485
2019-12-24,-0.0005022348599886539,0.0040785256410256114,2.5522122745228963,1.9157307879242493
2019-12-31,0.001832909719645629,-0.001675857280801858,2.5568902492074685,1.9125202965352501
2020-01-07,-0.0021920810714521123,-0.008721092894427643,2.5512853384904006,1.8958410293666879
2020-01-14,0.0324016845935521,0.026998258176891905,2.6339512813363206,1.9470254349398743
2020-01-21,-0.007871212273540531,-0.011134143660290923,2.6132188916827586,1.9253469740370133
2020-01-28,0.0028711564779038043,-0.004351347488446638,2.620721852031794,1.9169691203171488
2020-02-04,-0.0030526356283496455,-0.010152324746789957,2.612721743134287,1.897507427278121
2020-02-11,0.010746551975505612,0.013253623597089842,2.6407994931444136,1.9226562764919477
2020-02-18,-0.013871471428170516,-0.013644821170146813,2.6041677184277336,1.8964219754275549
2020-02-25,-0.007465098635223032,-0.013503055318188413,2.584727349547007,1.8708144845867285
2020-03-03,-0.02192551559429406,-0.04064688529144974,2.528055869737516,1.794771702830149
2020-03-11,-0.05078796063983799,-0.07620296941148413,2.3996610677299754,1.658004769658786
2020-03-18,-0.14547906224601626,-0.1863329983126021,2.0505606258883446,1.3490637697116692
2020-03-25,-0.05869723526379817,-0.03247849687793916,1.930198386407895,1.3052482062789479
2020-04-01,0.03744432778367913,0.0016046476217246926,2.002473367476081,1.3073426697089137
2020-04-08,0.04697212956687018,0.061241434151133235,2.096533805947374,1.3874062097288586
2020-04-15,0.049750992437626526,0.02412094632566028,2.20083844347229,1.420871760445616
2020-04-22,0.01718011259396312,0.026188939100494905,2.2386490957322662,1.458082884449539
2020-04-29,0.007908372712061193,0.03580640426111938,2.256353167152836,1.5102915896563585
2020-05-06,-0.0395878232182844,-0.02861654637662077,2.1670290568535733,1.467072260338737
2020-05-13,0.01253303411824457,0.013119776578228843,2.1941885059583464,1.4863199206184985
2020-05-20,-0.0272039968227584,-0.031659826580677126,2.1344978088137223,1.439263289688311
2020-05-27,0.032288924939461866,0.023581147828303752,2.2034184483459542,1.4732027700863017
2020-06-03,0.06940823809573574,0.07898259705488625,2.356353840633287,1.5895601508561705
2020-06-10,-0.005242750670733092,0.009377344336084021,2.3440000649548223,1.6044660037336667
2020-06-17,-0.025675690014961325,-0.01999066213113029,2.2838162458919933,1.572391665952142
2020-06-24,0.039072196822211594,0.04238169779584055,2.3730499637572495,1.6390322943552238
2020-07-01,0.015230032667228409,0.008170879582128567,2.4091915922262372,1.65242462986362
2020-07-08,0.003597522689364469,0.026728716022426553,2.4178587136422975,1.696591818543708
2020-07-15,-0.016375007735666768,-0.010795224149583173,2.3782662585026557,1.6782767295721797
2020-07-22,0.028819275622641985,0.04317844357196862,2.4468061693104732,1.75074210663816
2020-07-29,0.003574724171557421,0.005641083856545189,2.455552826467023,1.7606181896728907
2020-08-05,-0.0011313331476818526,-0.0036383213358456828,2.452774778158557,1.754212494949126
2020-08-12,0.017383383267554342,0.020367078017151288,2.4954123021962777,1.7899406776924163
2020-08-19,0.01071476030059857,0.011573184376628146,2.522150046865476,1.8106559911785776
2020-08-26,0.008706389893959979,0.01320544429058729,2.544108868544556,1.8345665079995044
2020-09-02,-0.00811426677634915,-0.0037333333333332726,2.5234652904771093,1.827717459702973
2020-09-04,-0.01723741030261747,-0.01584247858672389,2.4799672838807414,1.7987618849850473
2020-09-10,-0.007222578895894898,-0.013233601841196837,2.4620555245136746,1.7749577863920345
2020-09-17,0.013092441993491126,0.01142519119449028,2.494289843653124,1.7952370184637128
2020-09-24,-0.053393365330079365,-0.06404204299547987,2.361111314791846,1.6802663721401825
2020-10-01,0.051566448722721724,0.05829212119048044,2.482865440334698,1.778212663137267
2020-10-08,0.021898961927875882,0.02926142114852551,2.537237616084626,1.8302456927649677
2020-10-15,-0.012653874827468544,-0.01600544168626721,2.5051317288831467,1.8009518020578763
2020-10-22,0.020405719568875758,0.019938701402538683,2.5562507444258293,1.8368604422794723
2020-10-29,0.005067190991567636,-0.015931472620078095,2.569203755170172,1.8075965504363924
2020-11-05,0.023464925231279334,0.038079511413895796,2.629489929189162,1.8764289439104538
2020-11-12,0.023800542254195596,0.04290967226219019,2.6920732153558102,1.9569458949169392
2020-11-19,0.012592144591083708,0.010776588895361342,2.725972190533354,1.9780350963169238
2020-11-26,0.009854283367464743,0.01773662738674793,2.752834692950698,2.0131187677782068
2020-12-03,0.022170340624365934,0.018537697540476787,2.8138659757759865,2.0504373546083365
2020-12-10,0.02028416857825058,0.023613580003072347,2.8709429075852304,2.0988555211226685
2020-12-17,0.014974667312710504,0.018194941720443968,2.913934322500105,2.1370440750091273
2020-12-24,-0.00504705280552322,-0.0014599052465344286,2.899227542102621,2.1339241931519464
2020-12-31,0.0172587885527764,0.01665178853845232,2.9492646972181555,2.1694578475734
2021-01-07,0.027847360302784965,0.019697723941480658,3.0313939338698734,2.2121912293575794
2021-01-14,0.018814549238228954,0.027311251991727924,3.088428244299137,2.272608941476455
2021-01-21,-0.0008870732092817815,-0.003953456139077151,3.08568858234483,2.263624281705053
2021-01-28,-0.027287260774957828,-0.049452005778125245,3.0014885933280766,2.15168352064667
2021-02-04,0.05918780577600608,0.07459690068385723,3.1791401172288762,2.3121924425394416
2021-02-11,0.01499379763404779,0.01758005085889252,3.226807500796889,2.352840903274832
2021-02-18,-0.007549654748735765,0.0027221379301550987,3.202446218225241,2.359245660741257
2021-02-25,-0.003459363870070869,-0.0015767154727920753,3.1913677914820675,2.3555258016038487
2021-03-04,0.014083109648022441,0.006660680968664257,3.236312174016677,2.371215207481789
2021-03-12,-0.005844504212795446,-0.008172715024005815,3.2173975338817153,2.3518359413304513
2021-03-19,-0.016374500924527597,-0.02056825791638764,3.164714254988596,2.303462773112136
2021-03-26,0.001074418364866975,-0.013668034121247615,3.168114482103712,2.2719789653322158
2021-04-05,0.008831661023543746,0.01159297819384571,3.196094195293432,2.2983179679341883
2021-04-12,-0.010932925615248813,-0.02286803239637932,3.1611515351969603,2.2457599581862886
2021-04-19,-0.004533358642799954,0.004568436379180317,3.146820901563675,2.2560195696781733
2021-04-26,-0.006391478400518078,0.010252182411722786,3.126708063741032,2.27914869383093
2021-05-03,0.011636749540642321,0.01297145752851288,3.163092782365493,2.3087125743141237
2021-05-10,0.011380320578824649,0.022459719334719384,3.1990897922493784,2.360565610757756
2021-05-17,0.009547683569483559,-0.0005401043354492715,3.229633689296141,2.3592906590372733
2021-05-24,0.022596799050632943,0.021882867532995887,3.3026130727803196,2.4109187040008204
2021-05-31,0.021920101820959093,0.020928988266328198,3.375006687610895,2.4613767932679247
2021-06-09,0.01634626519358631,0.014286674939937212,3.43017544195671,2.496541683418049
2021-06-16,0.011324386405415362,0.00787145302442213,3.4690200740997943,2.516193094002586
2021-06-23,0.0035693527990831595,-0.007086388154668644,3.481402230611358,2.498362373066387
2021-06-30,-0.0005265830833068004,0.002854785379162344,3.4795689830905316,2.505494661440866
2021-07-07,0.009425509931230754,0.01034165910960842,3.512365695097054,2.531405633130431
2021-07-14,7.21355365159164e-05,1.1888274000982424e-05,3.5126190614809096,2.5314357271742054
2021-07-22,0.006461251232456161,-0.00026153891877442,3.5353149757210525,2.530773658211173
2021-07-29,-0.0013436545037987862,-0.002770659547775954,3.5305647338315773,2.5237617460117905
2021-08-05,0.0133753640235041,0.027723952899090774,3.5777873223551206,2.5937303977867483
2021-08-12,-0.00419109671827168,0.0014213197969543147,3.562792469649724,2.597416918149085
2021-08-20,0.01990895465202803,0.0012281311551384966,3.6337239433625674,2.600606886789148
2021-08-27,0.008256048993160356,0.017861275689687137,3.663724146266589,2.647057043354588
2021-09-03,0.043908394895185825,0.04057549212990065,3.8245923928678893,2.7544626855846204
2021-09-13,0.005168680849348418,0.0043538351442447285,3.8443604903254696,2.7664551620286293
2021-09-20,-0.010872441056952191,-0.0006853264002960056,3.8025629074927303,2.7645592372708556
2021-09-27,0.007942988096937453,0.025238395889575934,3.832766619404801,2.8343322777612814
2021-10-04,-0.004676224326596913,-0.0031003636556685933,3.814843742900972,2.825544816979222
2021-10-11,0.0044567595401773215,0.014948264201383567,3.831845584146431,2.8677818074162773
2021-10-18,0.012337446300327348,0.030825655340315235,3.8791207732719846,2.9561830610029176
2021-10-25,-0.05283107856341354,-0.030952393071468857,3.674182638942283,2.864682120907537
2021-11-01,0.021038485305930377,-0.004564507148785151,3.751481876402975,2.8516062588876574
2021-11-08,0.01769160883039055,0.012294671077973543,3.817851626294596,2.8866658198845716
2021-11-15,0.004193194878864691,0.004712186527525188,3.8338606221822396,2.9002683276704992
2021-11-22,-0.03028686854951633,-0.03972046257529311,3.717744989481039,2.785068328102955
2021-11-29,-0.022631611777600768,-0.021665018828576216,3.633606428190984,2.7247297703357334
2021-12-06,-0.01436825407718145,-0.005538957704010873,3.581397847814256,2.709637607382984
2021-12-13,0.02293071776777211,0.02920401159497559,3.6635218710765907,2.788769895487179
2021-12-20,-0.04080959289462547,-0.04954758089318373,3.5140150349573984,2.650593093498052
2021-12-27,0.024185067733630675,0.02966722299805843,3.5990017265948393,2.7292288298799723
2022-01-03,0.028210919868209547,0.030764141581210717,3.700532875909354,2.813191212009922
2022-01-10,0.013132970834361081,0.019747539580659005,3.7491318662402655,2.86874481681705
2022-01-17,0.009766543423201025,0.01777584289700595,3.785747925411208,2.9197391739923897
2022-01-24,-0.05651922021529445,-0.06667663019671097,3.5717804047352977,2.725060804817249
2022-01-31,0.006585888318680897,0.013693864817258688,3.595303751579737,2.7623774190972266
2022-02-07,-0.0065983567303365765,-0.004079898465544077,3.5715806548728963,2.751107199703798
2022-02-14,-0.02782396890416142,-0.027631622127175508,3.4722051057930083,2.675089645130231
2022-02-21,0.014847870168953904,0.016306487720916505,3.5237599564038016,2.7187109615808978
2022-02-28,-0.01845307679549682,-0.01976411465511031,3.458735743319386,2.6649780464221076
2022-03-09,-0.02130612730564268,-0.01424519310340904,3.3850434792556467,2.627014919534479
2022-03-16,0.04013493578052106,0.03662554061173814,3.5209019819098435,2.7232307611575313
2022-03-23,-0.005116703575858952,0.015057498869011966,3.502886570148757,2.7642358052637195
2022-03-30,0.0033126898353218106,0.01390424940712989,3.5144905468839736,2.802670429320225
2022-04-06,0.03350062770628253,0.026596841591143353,3.632228186272383,2.8772126107610365
2022-04-13,-0.013903544500509872,-0.01335299808110115,3.5817273400485385,2.8387931962906245
2022-04-20,-0.018104042245965075,-0.018677167885558066,3.516883596970772,2.7857725791711245
2022-04-27,0.007651322880406514,-0.006322375640836809,3.5437924089040007,2.768159878475662
2022-05-04,-0.011907592372106986,-0.023604265910626785,3.5015943734474044,2.702819496620994
2022-05-11,-0.0269760124699092,-0.03832756534706387,3.4071353199647234,2.5992270057429345
2022-05-18,0.010808000396883516,0.007788453661333841,3.443959639855138,2.6194709648324506
2022-05-25,-0.010912679266109943,-0.02144868631151119,3.4063768128999716,2.563286753805648
2022-06-01,0.036520453373967005,0.03372079914081107,3.530779238469647,2.6497228315710295
2022-06-08,-0.021825531446348436,-0.013213633806697551,3.4537181051703136,2.614710364385404
2022-06-15,-0.027021320488448484,-0.03657685327376793,3.3603940813737494,2.519072487033879
2022-06-22,-0.011410765147043147,-0.022671834999758597,3.3220494137096797,2.4619604912554154
2022-06-29,0.018682258498647263,0.0268241602777554,3.3841127996018834,2.528000514070352
2022-07-06,0.035352242047102,0.01589545818267147,3.503748774408105,2.5681842405275295
2022-07-13,0.0003392719839414273,0.005294546143687199,3.504937498206031,2.581781610494493
2022-07-20,0.024812571669485906,0.03257789533835649,3.5919040110773364,2.665890621587676
2022-07-27,0.002858979852981006,0.007502410470284178,3.602173192278848,2.6858912272997078
2022-08-03,0.030783023836239872,0.04356935761529389,3.713058975519032,2.802913782697709
2022-08-10,-0.0022991283517404303,0.008182933049716361,3.704522176356732,2.8258498385256514
2022-08-17,0.022590767068563698,0.02672852729366925,3.7882101739431358,2.9013806430624953
2022-08-24,-0.01646760515220181,-0.01698993499685461,3.7258274245650864,2.852086374535731
2022-09-01,0.0022167201403928347,0.0027730523306971557,3.734086541256748,2.8599953593039875
2022-09-08,0.004793932151949114,0.013545062460446879,3.751987498785039,2.8987341750823483
2022-09-15,-0.0019968976897352772,0.00915072460726399,3.7444951636167993,2.9252596932281913
2022-09-22,-0.022853663717540117,-0.015998544168876448,3.6589197303555454,2.8784597968206462
2022-09-29,-0.03165215249047932,-0.04835326256386945,3.543107045099908,2.7392768744854354
2022-10-06,0.016363260214250455,0.03066595595829026,3.6010838276458217,2.823279418475969
2022-10-13,-0.016444346635438055,-0.021645791245791208,3.541866356920744,2.762167301555099
2022-10-20,0.025521937507909077,0.028033060399654117,3.6322616487434405,2.8395993043535426
2022-10-27,0.004296856403840577,0.008923502126428895,3.6478689554692685,2.8649384747841475
2022-11-03,0.018279889538937687,0.017471491367777203,3.714551597027767,2.9149932226155513
2022-11-10,0.0030482942640538864,-0.0031671493047403265,3.725874643354519,2.9057610038572217
2022-11-17,0.013347133587589734,0.011525899250450188,3.7756043899499847,2.939252512433567
2022-11-24,0.004992615667031336,0.005345407503234115,3.794454531579761,2.9549640148674294
2022-12-01,0.03522055290260329,0.026813929152377226,3.928097318145789,3.034198210609909
2022-12-08,-0.00340439165027389,-0.00702789970233587,3.9147245364344303,3.0128741699087356
2022-12-15,-0.009054353326315209,-0.009059176798752103,3.8792792373063576,2.9855800101311387
2022-12-22,-0.01586419209125298,-0.020022149984105335,3.81773760631012,2.9258022793787464
2022-12-29,0.0007691660171114568,0.0031967937884883266,3.820674080339142,2.935155465931809
2023-01-05,0.008156700792944921,-0.00794826327318251,3.851838175639828,2.911826077540862
2023-01-12,-0.008568967828305456,-0.007070908861504816,3.8188318982329315,2.8912368207260175
2023-01-19,0.01005792555167814,0.010388042632272861,3.857241425159732,2.9212711120797166
2023-01-27,-0.02403458181470478,-0.03558084817615402,3.764534240547662,2.8173298081594234
2023-02-03,0.012394291093912477,0.005178137717815906,3.811192973758011,2.8319183299025807
2023-02-10,0.0003308176898830341,0.002654111440247475,3.812453783813288,2.8394345567398216
2023-02-17,0.005033963001061287,0.00011860669480883984,3.83164553510426,2.8397713326877225
2023-02-24,-0.020222740733646518,-0.025799287366111732,3.7541591608646123,2.766507256021666
2023-03-03,0.012334696624859422,0.00982719410368366,3.800465575195314,2.79369425981584
2023-03-10,0.0012494656751734145,-0.006991819133255643,3.8052141264811987,2.774161254837593
2023-03-17,-0.013715380193530238,-0.016758358486505618,3.753024168018717,2.7276708660296505
2023-03-24,-0.00808463792391521,-0.009114071812600195,3.7226823265005824,2.7028106778755188
2023-03-31,0.019331561595951834,0.020366783339563356,3.7946475891974893,2.7578582373596676
2023-04-10,0.020354073817741836,0.015047902396785166,3.871884126340331,2.7993582189396258
2023-04-17,0.005126157553567619,0.007152661194625621,3.8917320144011094,2.8193810798420915
2023-04-24,0.004623972237737119,0.0019057754225553975,3.9097272751924126,2.824754187010872
2023-05-02,0.031064696535141403,0.024776727651088223,4.03118176653143,2.8947423521837115
2023-05-09,-0.002723694131994471,0.007615018508725542,4.020202060408925,2.9167858687735824
2023-05-16,0.0008631730408913225,0.0035635562086701717,4.023672190446406,2.9271799991656122
2023-05-23,-0.0030014251903897767,0.00343585103990697,4.011595439376129,2.9372373536097407
2023-05-30,0.021853160212831086,0.016870270382955698,4.099261477221878,2.9867893419440543
2023-06-06,0.0072381992896792926,0.002126972574866872,4.128932748734515,2.9931421609612743
2023-06-13,0.010469011180486057,0.009451331778568762,4.172158591844492,3.0214313405849413
2023-06-20,0.004484972767796953,0.008106355382619975,4.190870609511845,3.0459241367959087
2023-06-27,0.0009919970466365055,-0.0021108073335477646,4.195027940779316,3.0394947777905297
2023-07-04,0.026770184437444767,0.025685448941356596,4.307329612474213,3.117565565712988
2023-07-11,0.010057241290050504,0.004689279962289351,4.350649465702646,3.1321847034514088
2023-07-18,0.004364044677243216,0.013430362981462527,4.369635894345997,3.174251080943746
2023-07-25,0.005366225696728488,-0.0005835290486548537,4.3930843467675835,3.172398813230291
2023-08-01,0.01862491352895705,0.007295959235275419,4.474905162851545,3.1955445056496554
2023-08-08,-0.0049032369791682535,-0.0064095808383233185,4.452963642378781,3.175062404818234
2023-08-16,0.0009102635488416715,-0.006537712379225994,4.457017012866755,3.154304760029439
2023-08-21,0.001340130580365144,-0.0011695849671933137,4.4629899976629055,3.1506155326001624
2023-08-30,-0.003279720257698582,-0.0013003335428047303,4.448352638957664,3.146518681542641
2023-09-06,0.012970929146893812,0.01653428589406645,4.506051905857983,3.198544120994288
2023-09-13,0.017393126825876643,0.017155754058004794,4.584426238140554,3.253417557277743
2023-09-20,-0.005945930730590052,-0.005069750023406014,4.557167557289071,3.2369235435405845
2023-09-27,-0.011857569910412848,-0.007245797202369469,4.50313062438505,3.213469451984514
2023-10-04,-0.01509261354572971,-0.014246648056607542,4.435166614125266,3.1676882836614313
2023-10-11,0.020940439976446974,0.01745748614122737,4.528040954393898,3.222988157973179
2023-10-18,-0.001808784878012533,-0.005845327990473615,4.519850702388569,3.204148735080413
2023-10-25,-0.024122127928162658,-0.03170378116310574,4.410822285529355,3.1025651047693814
2023-11-01,-0.002512702722960702,-0.0033183614363202782,4.39973920036201,3.092269672372042
2023-11-09,0.02392294649424291,0.027960145587793334,4.5049939258408935,3.1787299826082824
2023-11-16,0.015438718850061876,0.02070277314628501,4.574545260483188,3.2445385083315164
2023-11-23,0.007325539383562911,0.002539464975567556,4.608056271950749,3.252777900235304
2023-11-30,0.014057663056549438,0.019519800728539524,4.672834774367453,3.3162714766620947
2023-12-07,0.028582386026838807,0.04235190381497796,4.80639554172806,3.456721887266043
2023-12-14,0.006815879482599774,0.015147443042882475,4.839155354486183,3.5090823851684902
2023-12-21,0.0053095087809589235,-0.0011023970625893074,4.864848892333252,3.5052139830546967
2023-12-28,0.03206696489255342,0.024540197173184765,5.0208498309712795,3.591232625333063
2024-01-04,0.0012036401233613385,0.0051356864474706295,5.026893127281208,3.6096760700567
2024-01-11,-0.00019099834104927644,0.00038816600003378424,5.025932999033265,3.6110772235782314
2024-01-18,0.0009843030164283773,-0.00892857142857146,5.03088004004458,3.5788354626534256
2024-01-25,-0.00402110739920146,-0.0020937328447957005,5.010650331091061,3.571342337299148
2024-02-01,0.01100928124784967,0.018158169683788535,5.065813989820674,3.636191377458724
2024-02-08,0.01184811296350197,0.00963338680561082,5.125834326224158,3.671220215497011
2024-02-15,0.006633314355569987,0.00598623539221662,5.159835596644574,3.69319700388364
2024-02-22,0.016992168159873568,0.012998152546846165,5.247512390780059,3.741201741925675
2024-02-29,-0.0042384183835634,-0.00992884126880731,5.225271237795,3.704055943675509
2024-03-07,0.017460580007057785,0.02111763956103592,5.316507504301097,3.7822768620079614
2024-03-14,-0.009523377250399012,-0.021695625037749876,5.265876397683061,3.7002180014208794
2024-03-21,-0.006186868352488571,-0.0027453417682964773,5.233297113650119,3.6900596383897764
2024-03-28,0.013350048676165023,0.017767964010070577,5.303161884854182,3.7556244852396996
2024-04-04,0.0027123914113315836,0.015791074433788254,5.317546135603562,3.8149298310314776
2024-04-12,-0.0027133256787182417,0.0027825573178860983,5.30311790112606,3.8255450919500364
2024-04-19,-0.019361093422164792,-0.01858781938483824,5.200443740013604,3.754436550732315
2024-04-26,0.01291969645290944,0.019832303654514608,5.267631894555013,3.828895676458047
2024-05-03,0.00046036499514583287,0.006431827402687316,5.270056927886579,3.853522472591921
2024-05-10,-0.01604937438746158,-0.021389359860566066,5.185475811207692,3.771098093694874
2024-05-17,0.017735492466834604,0.026218544410385677,5.27744277839432,3.869970796540334
2024-05-21,0.00047865661563896076,0.005926730499049684,5.279968861293855,3.8929070704906215
2024-05-29,0.0019255589985332517,0.001415944392002173,5.290135752846695,3.898419210425668
2024-06-05,-0.0006023694601129841,-0.007467017750234711,5.286949136629328,3.869309644983564
2024-06-12,0.028384860302377354,0.037623816774720216,5.437018449298326,4.014887842111083
2024-06-19,-0.002609201650091272,0.01080563844795166,5.42283217178884,4.058271268542012
2024-06-26,0.010279612115883035,0.009979195976891099,5.47857678308436,4.09876955285818
2024-07-03,0.01406233155552187,0.01789028723006196,5.555618346260477,4.172097717448644
2024-07-10,0.012746107176625778,0.005732442348008386,5.626430853134341,4.196014027084176
2024-07-18,0.01636961938114507,0.012380259619942985,5.7185333846744815,4.2479617701084
2024-07-25,-0.015650443882664636,-0.013326279365714832,5.629035798846489,4.191352244825059
2024-08-01,0.023250080921589967,0.02643286718353737,5.759911336680196,4.302141702031942
2024-08-08,-0.03337506560852974,-0.03384207033842068,5.567673917919181,4.156548319945924
2024-08-16,0.00790415364938664,0.016680792611643756,5.611681668036097,4.225882840451217
2024-08-23,0.021359417991831508,0.01325935880759197,5.731543922420777,4.281915337311606
2024-08-30,0.008539617257206032,0.013936960962324102,5.780489113811116,4.341592224211695
2024-09-06,0.0028071501519441717,-0.013171792916751267,5.796715814705263,4.284405670505401
2024-09-13,0.021677531455004465,0.020131278619731487,5.922374304114258,4.370656234778302
2024-09-20,0.011542309623754523,0.013167586197312285,5.990732182040112,4.428207227488565
2024-09-27,0.016903648133086615,0.013984047623946371,6.0919974109048765,4.490131488246469
2024-10-04,-0.04293299485288945,-0.041918050971267794,5.830449717418682,4.301913927654459
2024-10-11,-0.013528305556613595,0.002043762641148512,5.75157361210897,4.310706018625235
2024-10-18,-0.008034502513787645,-0.007996336480202903,5.7053625794642455,4.276236162833072
2024-10-25,-0.03570142480229969,-0.0364333652924257,5.5016730063636485,4.1204384886358945
2024-11-01,0.010480028322663227,0.009054726368159231,5.5593306952923705,4.157747931667324
2024-11-08,-0.011166526216006408,-0.006431537542867866,5.497252283339939,4.131007219751025
2024-11-18,-0.03497533154178183,-0.030237533358329054,5.304984062161307,4.006095751140305
2024-11-25,0.02486607655617125,0.029470851338033507,5.436898201980279,4.124158803468088
2024-12-02,0.0050459858702073404,0.01010327877906447,5.464332713485228,4.1658263295886595
2024-12-09,0.01018319650109615,0.01897287662344763,5.5199770872540155,4.244864038574654
2024-12-16,-0.00014208005694645032,0.003187333657671012,5.519192808595115,4.258393836597041
2024-12-23,-0.035670247821579903,-0.04079376682653734,5.322321833337446,4.084677911371338
2024-12-30,-0.00833412671172675,-0.003040948716518867,5.277964928777822,4.07225661531936
2025-01-06,0.00417880412277479,-0.0057462049318175,5.300020510382059,4.048856594272785
2025-01-13,-0.01833900749401828,-0.03991959075293651,5.202823394523712,3.8872278960120874
2025-01-20,0.016756122120762648,0.024989062158192472,5.290002538695112,3.9843660755285932
2025-01-27,-0.009217257853032844,-0.035420692178406925,5.241243221252761,3.843237071241208
2025-02-03,0.025934086866284192,0.02442561093660486,5.377170078240054,3.937110484680482
2025-02-10,-0.008864486423207828,-0.001604461637553743,5.329504227086216,3.9307935419450013
2025-02-17,-0.004540808431648992,-0.027624864309416967,5.305303969355354,3.822205903720438
2025-02-20,-0.006352096085888678,-0.003123561647069063,5.271604168777162,3.8102670079523757
2025-02-27,-0.016316158467058698,-0.023062078980911744,5.185591839783787,3.7223943292766157
2025-03-06,0.0006412695888552515,0.0039990466918997086,5.188917202130857,3.737280358005056
2025-03-13,-0.0054138273250216844,-0.011333781266470624,5.160825300394686,3.6949228398959493
2025-03-20,0.03282266852317617,0.042888187130695136,5.330217358535562,3.8533913820868864
2025-03-27,0.023944302482650653,0.01682984028625958,5.457845695266613,3.918243343607858
2025-04-03,-0.0028995323451631054,-0.009820249900224167,5.442020495138278,3.879765214803739
2025-04-11,-0.004285780718112185,-0.02150179246197071,5.418697188632644,3.796343308353856
2025-04-21,0.04724397547491406,0.05979158497605717,5.674697985718391,4.0233326918735814
2025-04-28,0.0018228774086177088,0.00642441501945269,5.685042264477286,4.04918025084751
2025-05-05,-0.0026022007961560194,0.0052879402284508195,5.670248642970482,4.070592073988215
2025-05-12,0.012229289996617237,0.014627875707383385,5.739591757978293,4.130136188901975
2025-05-19,0.004586737517859762,0.010601581499657805,5.765917758831811,4.173922164313305
2025-05-26,0.0013861220736748991,0.001354525411761394,5.773910024712321,4.179575847951582
2025-06-02,-0.015529857719995127,-0.006486451482925951,5.6842420235404845,4.1524652319946345
2025-06-09,0.01436030177007563,0.020194741473271053,5.7658694543326705,4.236323193831512
2025-06-16,-0.005496542787522533,-0.009764391029963957,5.734177106169661,4.194958077637636
2025-06-23,-0.008388279626635234,-0.002408714384541241,5.6860772251744605,4.184853621773482
2025-06-30,0.02650295410133346,0.02420997790273608,5.836775068889897,4.286168835482803
2025-07-07,0.002092432228355556,-0.0027082682869501717,5.848988125153704,4.2745607403531505
2025-07-14,-0.008255057475238184,-0.012470056036105123,5.800704392008575,4.221256728391212
2025-07-21,-0.0023187931785528713,0.0018950188077054859,5.787253758233583,4.229256089283667
2025-07-28,-0.02120188005158414,-0.020453802067778748,5.664553098223435,4.142751722339511
2025-08-04,0.003700469177723998,0.0012231638930729988,5.685514602368992,4.147818986664244
2025-08-11,-0.0043298483737709646,-0.008000667024346415,5.660897186213874,4.114633668074681
2025-08-18,0.018640669926115818,0.012465055089623363,5.766420102147765,4.165922803420851
2025-08-25,0.00021670405741707995,0.0049123642873643665,5.767669708780671,4.186387333824292
2025-09-01,-0.022369236320545827,-0.014208902473627766,5.638651342046102,4.1269033644811515
2025-09-08,0.005443262115722259,0.007217783218745184,5.669343999280028,4.1566904583306865
2025-09-15,0.013070882844232377,0.014165720114888423,5.7434473304982685,4.215572971967626
2025-09-22,0.005497229009439472,0.007098067470876522,5.775020375777672,4.245495393351056
2025-09-29,-0.04206179232858852,-0.02610254012778557,5.532112668038344,4.134677179483781
2025-10-06,0.01690157019513232,0.018499661791125135,5.625614058624575,4.2111673089197135
2025-10-13,0.005576356815093525,0.006355667434345598,5.656984489919472,4.2379320878455955
2025-10-20,0.02524134952689727,0.020223881920913976,5.799774412697766,4.323639525979037
2025-10-27,0.0004142757619492989,0.004893147159575048,5.80217711866172,4.344795730444607
2025-11-03,-0.01147580035694951,-0.002162989008555054,5.735592492412297,4.335397985035239
2025-11-10,-0.004959046970011583,-0.007148133889646207,5.707149419841579,4.304407979773305
