Date,Mean Return,Index Return,Strategy Wealth,Index Wealth
2013-04-09,-0.018743357733684532,-0.03246016648924102,0.9812566422663155,0.967539833510759
2013-04-16,0.01383723059104218,0.03308021139589828,0.9948345166943462,0.9995462557372472
2013-04-23,0.016290056056468,0.02634657354866864,1.0110404267382065,1.0258808746793249
2013-04-30,0.025121021344211705,0.016382008709853055,1.036438794878158,1.0426868641035931
2013-05-07,0.02181070382479447,0.020955027030645862,1.0590442544657723,1.0645363955253833
2013-05-14,-0.00468404897735095,-0.007868981458712438,1.0540836393086725,1.0561595783668696
2013-05-21,0.009600596182300603,0.01883705943587964,1.064203470672045,1.0760545191183397
2013-05-28,0.013741874584318435,-0.001540732091016721,1.0788276212982166,1.0743966073890505
2013-06-04,0.013652583064692183,-0.02683386394646219,1.0935564050104747,1.0455663950018321
2013-06-11,-0.020136453634697467,-0.026255174255574873,1.0715360571640549,1.0181148671052858
2013-06-18,-0.006729135068903263,0.0032911088637105072,1.0643255463041978,1.0214655939686914
2013-06-25,-0.03747597481125263,-0.04156771625292583,1.024438908939929,0.9790056019964745
2013-07-02,0.04570754852182146,0.04549181789012083,1.0712635000779427,1.0235423465559064
2013-07-09,0.0010092381286666695,-8.525149190110827e-05,1.0723446600480702,1.0234550880438384
2013-07-16,0.01049529721607824,0.013095745587859184,1.083599235973349,1.0368579954974604
2013-07-23,0.014993161650336631,0.015686802551630085,1.0998458144824788,1.0531229821469081
2013-07-30,-0.03459967889286848,-0.05818211947965869,1.0617915024697195,0.9918500549728623
2013-08-06,-0.03487113456313373,-0.03948340781926306,1.024765628109106,0.9526884347568102
2013-08-13,0.02021172620177549,0.03403553764425722,1.045477910405438,0.985113697841224
2013-08-20,-0.044971527774380356,-0.053394274376417326,0.9984611715201386,0.9325142667667227
2013-08-27,-0.01364864918673243,-0.020118276752629415,0.9848335252634863,0.9137536866721344
2013-09-03,0.01645787516195158,0.008117038140529805,1.0010417924775774,0.9211706601979018
2013-09-10,0.06452847694550742,0.09569187632615951,1.0656374947049563,1.0093192090888463
2013-09-17,-0.005686828299792404,-0.005204460966542814,1.0595773972427482,1.0040662466623616
2013-09-24,0.023903802119385722,0.009750756074668956,1.0849053256766128,1.0138566517163747
2013-09-30,0.00244032753630004,-0.022205009036922282,1.08755285001714,0.9913439556028689
2013-10-08,0.011253911453089111,0.03002333783712653,1.0997920734917876,1.0211074100947273
2013-10-15,0.007343142887738314,0.023764906303236796,1.10786800383424,1.0453739320211692
2013-10-22,0.0035114361094417176,0.020650636492220712,1.1117582115473985,1.066961569089782
2013-10-29,-0.004498183606533008,0.0007825746706663741,1.1067573189857876,1.0677965461883263
2013-11-05,0.02713101173420163,0.01195751335853,1.1367847647941045,1.0805647376535654
2013-11-12,0.000518113583144502,-0.03631797546604855,1.137373748421856,1.041320814021986
2013-11-19,0.0029350831041631584,0.029584711503123914,1.1407120348939679,1.0721279898870246
2013-11-26,-0.001219913741828461,-0.020849220385183262,1.1393204646071315,1.0497749571447466
2013-12-03,0.018846600779457205,0.0242427255252867,1.1607927825634479,1.075224363294126
2013-12-10,0.0005207016486299138,0.017149051139764764,1.1613972092790463,1.093663440886978
2013-12-17,0.007855845607082034,-0.026816815383881337,1.1705209664436385,1.0643348703006115
2013-12-24,0.03606210957728373,0.025643540083353705,1.212732421798037,1.0916281842092763
2013-12-31,0.01000774635214357,0.007234598591324943,1.2248691402684126,1.0995256759330074
2014-01-07,-0.004270439756096431,-0.020804328566004303,1.2196384103957947,1.0766507825041391
2014-01-14,0.0080542321190792,0.007238298353610292,1.2294616612544673,1.084443902090552
2014-01-21,-0.0012904747376266366,0.007988322291910504,1.227875072039738,1.0931067894879485
2014-01-28,-0.008894112011879151,-0.03372109677111342,1.2169542136124223,1.0562460296584641
2014-02-04,-0.0026383586928953396,-0.015694993412384745,1.2137434518840824,1.039668255181117
2014-02-11,0.01727219075981401,0.010273227700905274,1.2347074603184993,1.0503490038999954
2014-02-18,-0.002796340430769682,0.007634852022987273,1.2312547979270376,1.058368263117264
2014-02-25,0.024865232720050243,0.012442063048551957,1.2618702350151718,1.0715365477755554
2014-03-04,0.019187725790487366,0.016753518725953463,1.2860826550678208,1.0894885553942568
2014-03-11,-0.009413977023427673,0.032268365505899545,1.2739755025027835,1.1246445703142132
2014-03-18,0.004962813724297734,0.001995297902617173,1.2802980056110234,1.1268885712665508
2014-03-25,0.0075039662152851065,0.012302990074250137,1.2899053185906255,1.1407526701736292
2014-03-31,0.017060002173618277,0.022827777608344233,1.3119111061295434,1.1667935184344778
2014-04-09,0.0015390632665018469,0.011704418863720785,1.3139302203219032,1.1804501585017093
2014-04-16,-0.010755190512760629,-0.016810300530001616,1.2997986504818675,1.1606064365766076
2014-04-23,0.014344361226869044,0.0246983633974435,1.3184434318465763,1.1892715161085887
2014-04-30,-0.017931651860627076,-0.0201684590947509,1.294801563228773,1.1652857421834004
2014-05-07,-0.011836963188835559,-0.004863321336149174,1.2794750447879875,1.1596185831707295
2014-05-14,0.04008485221975795,0.06837440779542975,1.3307626128771821,1.2389068170636035
2014-05-21,0.004759745065723886,0.031600593123128955,1.3370967036574741,1.2780570073071011
2014-05-28,0.0074835726108139185,0.010549867787646645,1.347102963926975,1.2915403397592662
2014-06-04,0.007394789297682678,0.016263435449458533,1.3570645065074987,1.312545222705313
2014-06-11,0.0481250516550601,0.02956360995576677,1.4223733059824208,1.3513487977186778
2014-06-18,-0.003987902690190504,-0.011298638007540905,1.4167010196490384,1.3360803968313288
2014-06-25,0.015514988147714568,0.0039951746591778995,1.4386811191777484,1.3414182713753737
2014-07-02,0.04742487735114722,0.0256844226818774,1.5069103948021643,1.375871825250572
2014-07-09,-0.022122790787405543,-0.025910390608270644,1.4735733314025894,1.3402224488314154
2014-07-16,-0.002004134358676871,0.006763047638752416,1.4706200924590955,1.3492864370993876
2014-07-23,0.02752764775152583,0.01856014385717038,1.5111028043406258,1.374329387476481
2014-07-30,0.014241313781464723,-0.0027238335435057206,1.532622893533292,1.370585942991047
2014-08-06,-0.0020908445256147116,-0.01082393404481304,1.5294184173465162,1.3557508111413639
2014-08-13,0.0033585370078867277,0.002006954031804446,1.5345550257017182,1.358471740697906
2014-08-20,0.022905980630729635,0.022989092300822838,1.5697055133972306,1.3897017729328698
2014-08-27,0.019045830661019947,0.005761532417972966,1.5996018587930636,1.397708584748937
2014-09-03,0.010731352275485497,0.025071606591526335,1.6167677498402935,1.4327513845153614
2014-09-10,0.012518568402335081,0.001221710152290448,1.6370073675073584,1.434501791427532
2014-09-17,0.013686576571158661,-0.015270864543565521,1.6594123941902987,1.41259570888314
2014-09-24,0.0076466366370401455,-0.0007974677332286401,1.6721013177996729,1.4114692093852084
2014-09-29,-0.002258490154881918,-0.004579890229976816,1.6683248934354573,1.4050048353432318
2014-10-07,-0.002037928849307055,-0.012230677999604665,1.664924966005108,1.3878206736142613
2014-10-14,-0.010339203831818083,0.002376366410686145,1.6477109674168984,1.3911186440470942
2014-10-21,-0.0035414413978758475,0.008035536035136822,1.6418756955851541,1.4022970280404852
2014-10-28,0.010729848700937244,0.01307124820517892,1.659492773384529,1.4206268005513871
2014-11-05,0.03907291096711456,0.038756659009823655,1.7243339867695529,1.475685549040574
2014-11-12,0.015572525780177003,0.00956290580596585,1.7511862222321573,1.489797390945274
2014-11-19,0.013857938271040943,0.0025399340549232883,1.7754540528009477,1.4935813780734717
2014-11-26,0.009621559183707691,0.005671319162783045,1.7925366890479257,1.5020519547641158
2014-12-03,0.025655468962077967,0.015334835615646933,1.8385250584371808,1.5250856745765846
2014-12-10,-0.02000968655643565,-0.021431335503403186,1.8017367482917004,1.4924010518133
2014-12-17,-0.039692585027380184,-0.0430919177938799,1.7302211592131767,1.4280906283730614
2014-12-24,0.02073588000442584,0.02289909327369517,1.7660988175517398,1.4607926088754661
2014-12-31,0.017886157322814084,0.017918676774638313,1.7976875388501063,1.4869680794686861
2015-01-07,-0.014874107580737539,-0.019926225106810254,1.7709485410006987,1.4573384187905518
2015-01-14,0.04040873092143608,0.021522409747614994,1.8425103240697056,1.4887038533807033
2015-01-21,0.031054040585178848,0.0485973462677517,1.8997277144519773,1.5610509100335819
2015-01-28,0.023506826764997206,0.021037649832099176,1.944384284736264,1.5938917524489482
2015-02-04,-0.005778231890142314,-0.01967852242284328,1.9331491814555095,1.5625263178587967
2015-02-11,0.0014415868572030636,-0.010997678267921217,1.9359359839085086,1.5453421561298262
2015-02-18,0.020897206776794238,0.027957182491098367,1.9763916384708815,1.5885455687999352
2015-02-25,-0.015536414594579624,-0.011593347756725296,1.9456855985743373,1.5701290075934327
2015-03-04,0.01304325074047476,0.018693965088384373,1.9710636636986731,1.599480944445644
2015-03-11,0.0010103122573854849,-0.0221817076876329,1.973055053478195,1.5640017256840115
2015-03-18,-0.005989634472179738,0.0011542217881558685,1.9612371749143735,1.5658069305525095
2015-03-25,0.00019936405103630262,-0.021173288400141897,1.9616281751026075,1.5326536488329803
2015-03-30,-0.0096435928920053,-0.0020838524088880425,1.9427110315764304,1.5294598248348685
2015-04-07,0.014755753993398884,0.01903632152742473,1.9713771976386345,1.5585751138237038
2015-04-15,0.006292699553754474,0.01089800443458972,1.9837824820504968,1.5755604723257957
2015-04-22,-0.04945200689616856,-0.03954684535494539,1.885680457067637,1.5132520259793627
2015-04-29,-0.005811832808856536,-0.022174771915000595,1.8747211975202318,1.4796960074533578
2015-05-06,-0.00214622811469104,-0.01557774274537276,1.8706976181789068,1.4566456837078943
2015-05-13,0.010556915717602235,0.016571570918494313,1.8904464152671407,1.4807845909585784
2015-05-20,0.01712263858582432,0.024422973698336146,1.9228158460016271,1.5169497540764612
2015-05-27,0.011130914589315165,-0.008793612101468342,1.9442185449544531,1.503610286361695
2015-06-03,-0.012945538530226328,-0.026051781794780324,1.9190495888695647,1.4644385592770128
2015-06-10,-0.0033885716652467873,-0.0019468567113460448,1.9125467518085177,1.4615875072395303
2015-06-17,0.0021742917433915637,-0.0016432785179757473,1.9167051864198255,1.459185711886742
2015-06-24,0.017672406690163584,0.030646078059871296,1.9505779799793825,1.5039040311170722
2015-07-01,0.021691529090486716,0.011937589043614095,1.992888998975368,1.5218570194015826
2015-07-08,0.005789436622713693,-0.006108430315072299,2.004426703531039,1.5125608618490645
2015-07-15,0.010761172266886828,0.017935273084524257,2.025996684584084,1.539689053963291
2015-07-22,0.02098376234823644,0.01185092080307928,2.0685097175317115,1.557935787003178
2015-07-29,-0.012005747110099026,-0.026640639730266178,2.0436757129682435,1.5164313809787375
2015-08-05,0.021328287338779908,0.02878271669648253,2.087263815801716,1.5600783958071043
2015-08-12,-0.001582876641258307,-0.02762302435566598,2.0839599346635396,1.5169843122829763
2015-08-19,0.020887977830963245,0.01934094973403359,2.1274896435794073,1.5463242296141588
2015-08-26,-0.07778160149706784,-0.08481299795510162,1.962010091933375,1.415175835889969
2015-09-02,-0.007025587457676341,-0.007264868560823433,1.9482258184396535,1.404894769451775
2015-09-09,0.0029959674618811752,0.008560253855804044,1.9540626396000955,1.4169210253189735
2015-09-16,0.0171973625537245,0.008402234091851373,1.9876673632659863,1.4288263274633697
2015-09-23,0.0026281014096599664,-0.004559141865499356,1.9928911546653205,1.4223121055353038
2015-09-28,0.0039083204499817965,-0.0053575333479115896,2.000680011919687,1.4146920209987601
2015-10-06,0.03890490543586384,0.05675289127808045,2.0785162785908455,1.4949798834584704
2015-10-13,-0.0052675970312564945,-0.004281930719060882,2.067567492412322,1.4885784831711115
2015-10-20,0.008938437240199125,0.01593588151203393,2.0860483146831252,1.5123002935002894
2015-10-27,-0.004902980150954167,-0.0051786579317664476,2.0758204612023023,1.5044686075901414
2015-11-03,-0.009877257753658263,-0.017796482441190455,2.0553170474566893,1.4776943584318412
2015-11-10,-0.015582148805729217,-0.033027219717179264,2.0232907913802674,1.4288902221810764
2015-11-17,-0.004342892913156724,0.006030273437499956,2.014503856141127,1.4375068209329984
2015-11-24,0.011739479913474677,0.0033974810105079235,2.0381530836959127,1.442390723059594
2015-12-01,0.01141101891958463,0.015515031320289393,2.0614104870949768,1.4647694603039585
2015-12-08,-0.016834034347445997,-0.03040118127582565,2.0267086321510344,1.4202387384139645
2015-12-15,0.001754567255291713,-0.0018422086853998822,2.0302646287530237,1.417622362274717
2015-12-22,0.013692868986841661,0.014051234097005283,2.0580647763231577,1.4375417059481888
2015-12-29,0.011239437523783759,0.01738740050475627,2.081196266796542,1.4625368193318005
2016-01-05,-0.010663010064004773,-0.012081241278965673,2.0590044500585214,1.444867559138082
2016-01-12,-0.033247746064244854,-0.03627649814090492,1.9905471929578256,1.3924528238151554
2016-01-19,-0.02933185245472827,-0.02242236725081735,1.932160756389813,1.3612307352201343
2016-01-27,-0.002810505437033515,0.0012429364052228722,1.9267304080787566,1.3629226584568477
2016-02-03,0.007830566120187185,-0.011646062095267347,1.9418177979349927,1.3470499765454125
2016-02-10,-0.013252452587215403,-0.018542497539752397,1.916083949634848,1.3220723056693957
2016-02-17,-0.025683703179397673,-0.018193572220170002,1.8668718182056185,1.2980190876959128
2016-02-24,-0.011099763528650722,-0.012120886356612041,1.8461499824852339,1.2822859458452374
2016-03-02,0.03352861327212129,0.048901584710603276,1.9080488312903148,1.3449917606492043
2016-03-09,0.007970858749808818,0.021981584749059785,1.9232576190122677,1.374556811022702
2016-03-16,0.002811136954815858,-0.006217879576169025,1.9286641595787042,1.36600998230116
2016-03-23,0.030878238329747662,0.030185788163187083,1.988217911156218,1.4072440702557016
2016-03-28,-0.010657882591416638,-0.013758227047930689,1.9670277180929634,1.3878828868252695
2016-04-05,0.011961332966105315,0.0029060624740530594,1.9905559915826316,1.3919161612010529
2016-04-12,0.01857027687546271,0.01614400401404915,2.0275211674824325,1.4143872612947026
2016-04-20,0.020690885208036965,0.02661498389028102,2.0694723752156765,1.4520311554686798
2016-04-27,0.004032640473038756,0.007419164772795682,2.077817813273807,1.4628040138663347
2016-05-04,-0.015916244101459077,-0.031391740272141325,2.044746757759381,1.416884050193997
2016-05-11,0.019599783643929603,0.01703019100431309,2.0848233518180916,1.4410138561997656
2016-05-18,-4.5038205231880086e-05,0.0034774390539425806,2.0847294551161,1.4460248940605869
2016-05-25,-0.0008852155475876494,0.0028978857508542726,2.0828840201899173,1.4502153089964658
2016-06-01,0.021171088116256412,0.02925631177837441,2.1269809413173,1.492643260222238
2016-06-08,0.003340038172663074,0.011790990653768449,2.134085138853827,1.510243002952929
2016-06-15,-0.003006629349710592,-0.006728557059782504,2.1276687358405675,1.500081246733423
2016-06-22,0.007387224047860449,0.0006168887854273727,2.1433863014918497,1.5010066300317628
2016-06-29,0.003030991282470613,0.003408244928345558,2.1498828866866386,1.5061224282659815
2016-07-07,0.01551520623642789,0.020101784120286067,2.1832387630577488,1.5363981761777052
2016-07-14,0.017661035017269,0.025342348997102106,2.2217970193031706,1.5753341149569118
2016-07-21,0.005548490499743986,-0.004677195899141117,2.234124638957134,1.5679659686946583
2016-07-28,0.013560014825172486,0.021079473959667396,2.264419402182676,1.6010178665014019
2016-08-04,0.005592095263242817,-0.01246510207642657,2.277082251195617,1.5810610153692792
2016-08-11,-0.0025923540536344253,0.005875012423663571,2.2711792477912707,1.5903497684771437
2016-08-18,0.013499557558950891,0.013427018718779082,2.3018391627735237,1.6117034245878923
2016-08-25,-0.011872036319750645,-0.007615807947306764,2.274511644630852,1.5994290008382144
2016-09-01,0.01455483802103198,0.01897276349544231,2.3076167931954057,1.6297745889988695
2016-09-08,0.012573726876197663,0.02219770095240144,2.336632136487972,1.6659518379452893
2016-09-15,-0.014889571471317236,-0.024293874128805668,2.3018406852895574,1.625479413689594
2016-09-22,0.015934163017507157,0.014941405201026728,2.3385185900092917,1.6497663602554578
2016-09-26,-0.00797273021381697,-0.012975192617051748,2.319874212191152,1.628360323958011
2016-10-04,0.0024918399672216197,0.007193552524691016,2.325654967472017,1.6400740194775258
2016-10-13,-0.011533526604949156,-0.020874677647008767,2.298831964030746,1.6058380030036985
2016-10-20,-0.003146405057677944,0.015477661442413915,2.291598907512368,1.6306926199455518
2016-10-27,-0.011420778914055494,-0.01209307289998925,2.265427063029978,1.6109725352150757
2016-11-03,-0.004154549093239275,-0.015060989444342561,2.256015235079467,1.5867096948670756
2016-11-10,-0.010654858204367776,0.002040301438083473,2.231977712642802,1.5899470609393338
2016-11-17,-0.03821332677321787,-0.05707780052326787,2.1466864189590433,1.4991963797524825
2016-11-24,0.005100234855759021,-0.010344227085389257,2.1576350238574027,1.4836883519547293
2016-12-01,0.01868971074171235,0.029081225658110794,2.197960598339485,1.5268358277242353
2016-12-08,0.0014012428664268992,0.007740273360464355,2.201040474948596,1.5386539544073718
2016-12-15,-0.011353803602396958,-0.014196511391144995,2.176050293675103,1.5168104360165973
2016-12-22,-0.01752857442324285,-0.024464410708343456,2.1379072341536993,1.4797025625431857
2016-12-29,0.011641361047254504,0.015232606010703994,2.16279538415202,1.502242288691435
2017-01-05,0.012374910635099129,0.025732823543042564,2.189559783752906,1.5408992244252282
2017-01-12,0.008525924696886187,0.017767787554641794,2.208227805588514,1.568277594487928
2017-01-19,-0.0027345687218123253,0.0066256769954719805,2.2021892549007154,1.5786684952682408
2017-01-27,0.015160800869977635,0.023384527182721288,2.2355762076722696,1.6155849116083467
2017-02-03,-0.0003844215210985323,0.013983753851457548,2.2347168040659846,1.6381768533384067
2017-02-10,0.010340834298754216,0.007809179770505738,2.2578256402414727,1.6509696708820079
2017-02-17,0.006340948358901896,0.002361499130251398,2.2721423960296483,1.654868434323867
2017-02-27,0.01335414844027455,0.008540266515213741,2.3024849228636692,1.6690014518006073
2017-03-06,0.007423662857806296,0.004786684881792831,2.3195777946661913,1.6769904358176315
2017-03-14,0.00555976310530292,0.011894135962636259,2.332474097708856,1.6969367880692872
2017-03-21,0.0025196444537074454,0.00828751948797892,2.3383511031325646,1.7110001847702798
2017-03-27,-0.007646129488571244,-0.00644938151041663,2.3204717678082694,1.699965291814303
2017-04-05,0.016583166666270768,0.022438218405458604,2.35895253787821,1.7381094843137312
2017-04-12,-0.0037784434165644186,-0.0028030764012888527,2.3500393691914763,1.733237430635395
2017-04-19,-0.005117424862540551,-0.008662945401436525,2.3380132192956267,1.7182224894060745
2017-04-26,0.0019287209126885375,0.026700302724520723,2.3425225942858243,1.7640995500212964
2017-05-03,-0.0058111241754481525,-0.001572543392369233,2.3289099046066366,1.7613254269304288
2017-05-10,0.013133166248640535,0.01074951272813172,2.359495865561941,1.7802588170255993
2017-05-17,-0.0035843954901012116,0.009661271158378693,2.351038499222508,1.7974583801889783
2017-05-24,-0.025983213548772654,-0.030259477187228778,2.2899509638358237,1.7430682293386568
2017-05-31,0.014204307643988575,0.029433121462604465,2.322478131815796,1.7943721682503884
2017-06-07,0.019394559736885853,0.008019943570517527,2.3675215726809085,1.8087629317842635
2017-06-14,0.0012998457965088107,-0.002636069093767374,2.3705989856453016,1.803994907721835
2017-06-21,0.007420755509743264,0.0022201505089044895,2.3881906211294206,1.8080000479342748
2017-06-28,-0.011239495334935486,-0.017836935882928326,2.3613485637842997,1.7757508670029398
2017-07-05,0.015778202634734412,0.019186080571774494,2.3986063999149274,1.8098205662126567
2017-07-12,0.007627578960691016,0.01678434227795721,2.416901959625897,1.8401972140576563
2017-07-19,0.009989192171438526,0.009629245771894354,2.4410448577601267,1.8579169253005727
2017-07-26,0.0011896753970884618,0.010302640051513165,2.443948908770593,1.8770583746275586
2017-08-02,-0.005559901842038838,0.005292764707512334,2.4303607927308706,1.8869932029467278
2017-08-09,-0.008071575815232114,-0.01612547549479023,2.4107439513339757,1.8565645402937745
2017-08-16,0.004808124784800762,6.537229522135317e-05,2.4223351090761933,1.856685908179
2017-08-23,-0.009652690716348772,-0.00646209588555,2.3989530574569278,1.8446878258109978
2017-08-30,0.012586567362636077,0.007810590822790793,2.429147641714411,1.859095927614191
2017-09-06,0.0038374855682616563,0.006481697365353229,2.4384694607326667,1.8711460247901468
2017-09-13,0.010274414108703202,0.01590066716085993,2.4635233057636605,1.900898494939701
2017-09-20,0.007790488977406815,0.007369842022693209,2.482715356922797,1.914907816548582
2017-09-25,-0.01109801550283511,-0.03174459454565213,2.455162143402541,1.8541198443199471
2017-10-03,-0.0027707299983471883,0.0008694351476169317,2.4483595520010093,1.8557318812804928
2017-10-10,0.005401876540037088,0.018214255690787322,2.461585288026539,1.8895326562596817
2017-10-17,0.020721315814861252,0.019411241273656336,2.5125925741849535,1.926210830544791
2017-10-24,-0.0034176612212181855,-0.0020967379077614645,2.5040053839794405,1.922172071278047
2017-10-31,0.00753269589652308,0.017052627781985946,2.5228672950602142,1.9549501561424807
2017-11-07,0.009974426939790003,0.0014807196119983267,2.5480314505735775,1.9578448891791602
2017-11-14,0.011207959519932727,-0.013324479858344401,2.576589683927122,1.93175762438753
2017-11-21,0.004062636585751052,0.014626048723585625,2.5870574314435126,1.9600116055239802
2017-11-28,0.008878761197437631,0.0061817377846561695,2.610027296581356,1.9721278833242126
2017-12-05,-0.005302613921401102,-0.02212280485875498,2.596187329503267,1.9284988830049217
2017-12-12,0.009912063256321548,0.011163342531256362,2.621920902538564,1.9500273766070508
2017-12-19,0.02178661645652866,0.0221335300758229,2.679043687621527,1.9931883661958611
2017-12-26,-0.005216083006985602,0.009670490220803792,2.665069573367552,2.012463474799378
2018-01-02,0.0028659799271316534,-0.0066063169137217355,2.6727076092692323,1.9991685033075637
2018-01-09,0.004829221436641319,0.02234380148091636,2.6856147061497895,2.0438375274723684
2018-01-16,0.008467547864126948,-0.0014417653993266106,2.708355277218716,2.0408907932434133
2018-01-23,0.01975021328697581,0.030618051485888517,2.761845871600692,2.1033788926280157
2018-01-30,0.011708617647530296,-0.010251677022728367,2.7941832689126747,2.0818157315643693
2018-02-06,-0.03131823207261891,-0.05484504837554751,2.706674388843439,1.9676384470577457
2018-02-14,0.018001863420562675,0.009637492842355603,2.7553995715153334,1.9866015485076087
2018-02-21,-0.012860569121526513,-0.015243130993202882,2.719963564868436,1.9563195208724076
2018-02-28,0.009635217582616025,0.009994506565540151,2.746171005632731,1.9758719691680613
2018-03-07,-0.020980664689334294,-0.03434511799280639,2.688554512583979,1.9080104132483056
2018-03-14,0.008609481714896092,0.025019305019304987,2.7117015734995724,1.9557475077573752
2018-03-21,-0.01511362741349941,-0.02221946485389385,2.6707179262610996,1.9122918447456698
2018-03-26,-0.0007580351029720823,-0.0023023512989250967,2.668693428322857,1.9078890771329957
2018-04-03,0.0182780102749324,0.010576992557265566,2.717471834226387,1.9280688057019197
2018-04-10,0.01112119399682928,0.016070359214536714,2.7476933656757376,1.9590535639998925
2018-04-17,0.01852981004006287,0.01275498983999085,2.79860760179005,1.984041272304709
2018-04-24,0.0056482302642318575,0.006627233325516088,2.8144147819441896,1.9971899767437262
2018-05-02,0.011425173158909176,0.006549087959687269,2.846569958168896,2.0102697495736264
2018-05-09,-0.006227268320640033,-0.0024945779362724103,2.8288436032459052,2.0052549750103843
2018-05-16,0.01331220394684108,-0.007064161839775934,2.8665017462260316,1.991089529336895
2018-05-23,-0.013656154559014958,-0.02815475160117702,2.827356355335883,1.9350308982227105
2018-05-30,0.022622040102797163,0.020340734011951484,2.89131692419119,1.9743908470283662
2018-06-06,-0.0012861721282640456,-0.0005935184296201562,2.887598192949317,1.9732190096733815
2018-06-13,0.010163149844340788,0.018147996122372435,2.916945286074509,2.009028980609526
2018-06-20,-0.0052897892930845675,-0.010602070663315666,2.9015152601317187,1.9877291133924546
2018-06-27,-0.0035330338023735978,-0.013073822012224134,2.8912641086395707,1.9617418967554454
2018-07-04,0.008018510054683011,0.007422894138109753,2.9144477389654413,1.9763036991813558
2018-07-11,0.01072801137185111,0.015835091819117082,2.945713967451728,2.0075986497203533
2018-07-18,-0.009758774721464919,-0.004875620182320664,2.916967408449494,1.997810361225777
2018-07-25,0.019641840050178536,0.01866643664280166,2.9742620157178425,2.035102361757931
2018-08-01,0.018645033639952544,0.021465950852710552,3.029717231054935,2.078787769035662
2018-08-08,0.008289663231561196,0.009226637044160284,3.0548325665872387,2.097967989272394
2018-08-16,-0.003312507632628371,-0.005823791296348134,3.0447134103940168,2.0857498615564523
2018-08-23,0.014846830953627965,0.02001107136070334,3.089917755700381,2.1274879508766356
2018-08-30,0.0051228350351447075,0.009679640354785144,3.105746894634999,2.14808126910026
2018-09-06,-0.014970423424518443,-0.01607701564380262,3.0592525485729296,2.113546532932776
2018-09-14,0.00035475214784283705,-0.0013861030934559627,3.0603378249853295,2.1106169395453147
2018-09-21,-0.02929506258370817,-0.03659492471994519,2.970685036875095,2.0333790715300126
2018-09-24,-0.020246537250013266,-0.018856891028357376,2.9105389516179465,1.9950358639588286
2018-10-03,-0.009462566153751682,-0.01573435636891496,2.8829977842451906,1.9636452587065343
2018-10-10,-0.0294195520616611,-0.033911845004520935,2.7981812808379356,1.897054425049416
2018-10-17,0.002318032693894321,9.086778736970813e-06,2.804667556530361,1.8970716631632285
2018-10-24,-0.02962737918842748,-0.02210793177708527,2.7215726073355557,1.8551313322577743
2018-10-31,0.017202742164374986,0.021836495753498487,2.768391119181175,1.895640899716803
2018-11-07,0.007863679143054438,0.020069474756292806,2.790160858684897,1.9336854169006656
2018-11-14,-0.0033510901226042407,-0.0015065745486962012,2.7808107781908813,1.930772175666378
2018-11-21,0.002955308275124251,0.0028569898041176365,2.7890289312952237,1.9362883720863306
2018-11-28,0.01878653231589032,0.007059808058686259,2.8414251134429542,1.9499581963395263
2018-12-05,0.010068085194718987,0.004119555512336598,2.8700328235595123,1.9579911573760826
2018-12-12,-0.0011501387643014557,-0.0017079720033454802,2.866731887554319,1.9546469632964862
2018-12-19,0.020343234284343995,0.024878517695407956,2.925050485973236,2.0032756823611333
2018-12-26,-0.025528404944025435,-0.02260523870168319,2.850378612685593,1.9579911573760826
2019-01-02,0.008676248331417412,0.005784214464938216,2.875109205367814,1.9693165981507985
2019-01-09,0.0013850618094071274,0.003300012254687322,2.879091409326044,1.9758153670580554
2019-01-16,-0.004474792842910875,0.0031059422957799634,2.8662080716935057,1.981952135575253
2019-01-23,-0.004795315974660124,-0.008401826484018297,2.852463698340614,1.9653001176325202
2019-01-30,-0.012731392985935553,-0.020112447262935318,2.8161478620189246,1.9257731226607957
2019-02-06,0.02891976150607302,0.030264241469440397,2.8975901865543494,1.98405518546036
2019-02-13,-0.017046029475421012,-0.025352528736630936,2.8481977788266533,1.9337543693559147
2019-02-20,-0.007967762286863278,-0.004599791404808419,2.8255040159789906,1.9248595026287407
2019-02-27,0.008902733166073644,0.010271979079910152,2.850658724292921,1.9446316191715094
2019-03-06,0.012306935751579838,0.028579026682031702,2.8857415980624745,2.0002072981025343
2019-03-13,0.0049205212929837264,0.023880931451126425,2.8999409510417897,2.0479741114765635
2019-03-20,0.006150781527767,0.012575228315306565,2.917777854275073,2.0737278535122186
2019-03-25,-0.011143772432417265,-0.014929467410369194,2.885262801858685,2.042768201105233
2019-04-02,0.01739603016171483,0.03002871506404052,2.9354549205842924,2.1041099053581047
2019-04-09,-0.002750524527084082,-0.003981392915246112,2.9273808798270755,2.0957326170880126
2019-04-16,0.008693757611219885,0.010087661698076008,2.9528308196320117,2.11687365873882
2019-04-23,-0.011386555224738446,-0.01940501052323653,2.919208248434962,2.075795703114631
2019-04-30,0.0030878121810674116,0.00976191857333464,2.9282222152235517,2.0960594517433138
2019-05-07,-0.017209382640724805,-0.02250289287736668,2.877829318664699,2.048892050436142
2019-05-14,-0.016340764110557248,-0.02494353911123428,2.8308033886179533,1.997785431441391
2019-05-21,0.02940873110910018,0.04093406120305167,2.9140537242965485,2.079562902562578
2019-05-28,0.010559539200407426,0.022623498659960956,2.9448247888303514,2.126609891102007
2019-06-04,0.004632486254239558,0.007385118137623599,2.958466649185752,2.1423151563804343
2019-06-11,0.0018686359344347225,-0.006319254857877046,2.963994946277247,2.1287773209213734
2019-06-18,-0.026665515902686295,-0.02512262328994042,2.884958491901809,2.075296850219697
2019-06-25,0.0042277811055830465,0.00924206757070389,2.8971554649042632,2.0944768839386967
2019-07-02,0.017012298982896714,0.011465271561034532,2.9464427398731474,2.1184906301913635
2019-07-09,-0.019909731351345814,-0.029548130404774442,2.88777985648015,2.0558931927891764
2019-07-16,0.006111538551998851,0.009095016566819413,2.905428634402714,2.074591575437205
2019-07-23,-0.021994933614173994,-0.031110337222125396,2.841523924468306,2.010050331927173
2019-07-30,-0.0024441664556763354,-0.023594149814721372,2.8345787670091185,1.9626249032605527
2019-08-06,-0.0010308412433288065,-0.00901887916980732,2.831656766308621,1.944924226402391
2019-08-13,0.0027011610149007266,-0.003891566797859638,2.8393055271733543,1.9373554238585706
2019-08-20,0.005173840484162265,0.0080088790233075,2.8539956410567497,1.9528714690734026
2019-08-27,0.006089174996030685,0.0078043108687799855,2.8713741199530536,1.9681122851048225
2019-09-03,-0.010324323424077565,-0.02529432844169803,2.841729124867132,1.9183302065552403
2019-09-11,0.012488968832602563,0.02321577489037739,2.877219391338297,1.962865728796038
2019-09-18,-0.00578519123520978,-0.01621271076523995,2.8605741269337512,1.9310423544640658
2019-09-23,0.08571647535926334,0.06950952270662235,3.1057724585984148,2.065268186849135
2019-10-01,-0.010947494563026322,-0.025404387879191727,3.0717720314939116,2.0128013127558644
2019-10-09,-0.01107467591620484,-0.005768836318884179,3.0377531517566543,2.0011897914401406
2019-10-16,0.02496553966277192,0.012154762621096462,3.1135922985525455,2.025513778314857
2019-10-23,0.01772163610812342,0.017681979158704588,3.168770248256549,2.0613288707286896
2019-10-30,0.01590949131482432,0.020470837610261382,3.21918377099986,2.10352599930272
2019-11-06,0.009724822659072426,0.008169640666655733,3.250489762279798,2.1207110508499913
2019-11-13,-0.022535142488083762,-0.009028155190175378,3.177239512330765,2.101564942369398
2019-11-20,0.007203659623715559,0.011983498133717624,3.200127264320616,2.126749041934168
2019-11-27,-0.003985127760189763,0.007781156982011041,3.1873743483234316,2.143297610090799
2019-12-04,0.003716391606396672,-0.004350129219705516,3.199219879597985,2.133973988530618
2019-12-11,-0.025030575303314588,-0.014155354206300612,3.119141565489847,2.103766830855935
2019-12-18,0.015301022702471427,0.024309871132334602,3.1668676213956295,2.154909131406523
2019-12-26,0.0018424321199714063,-0.005643854425276718,3.1727023600209865,2.142747137969165
2020-01-02,0.012083702311048971,0.014362325588863347,3.2110403508610426,2.173521970019283
2020-01-09,0.0018822395352032788,-0.004819906451076734,3.2170842979585665,2.16304579745443
2020-01-16,0.024082262570475643,0.015054635682588097,3.2945589667333595,2.1956096638998597
2020-01-23,-0.0018842784293309368,-0.010012927488541488,3.288351100338185,2.1736251835420894
2020-01-30,-0.007717191516231059,-0.011016405897575974,3.262974265124266,2.1496796462509966
2020-02-06,0.0006960284512626061,0.008634417636938313,3.2652453880485304,2.168240878102354
2020-02-13,0.017071255565603585,0.001277331725429244,3.3209872265523153,2.1710104409643267
2020-02-20,-0.008894534033521473,-0.006624143258983429,3.2914485926408554,2.15662935678663
2020-02-27,-0.028248564404662245,-0.03835078847242933,3.198469895087005,2.0739209205110747
2020-03-05,-0.03205536695428036,-0.030241952206766728,3.095941768907773,2.011201503152365
2020-03-12,-0.12170921847622751,-0.14963007313005172,2.7191371157660984,1.7102652751564067
2020-03-19,-0.09591946090144063,-0.13667132698323303,2.458318949504716,1.4765210505074364
2020-03-23,-0.025022411907496208,-0.08081973133876236,2.3968058801502057,1.3571890158893982
2020-03-31,0.04301201636270055,0.09256566950864929,2.499897333885443,1.482818125794985
2020-04-07,0.050448009424256327,0.022892068969405818,2.6260121781449692,1.516762900599769
2020-04-15,0.06564690382540811,0.024617725203126467,2.7984017470480027,1.5541021528850312
2020-04-22,0.020369411423231492,0.026188939100494905,2.8554035435611134,1.594802439522885
2020-04-29,0.007251523486232744,0.03580640426111938,2.876109569419919,1.651906580389061
2020-05-06,-0.014818514610784511,-0.02861654637662077,2.8334898977432523,1.6046347191215122
2020-05-13,-0.0015808456829166538,0.013119776578228843,2.829010587470817,1.6256871681260556
2020-05-20,-0.008204461864510475,-0.031659826580677126,2.8058000779916163,1.5742181943087525
2020-05-27,0.007766446742202454,0.023581147828303752,2.827591174866606,1.6113400662627526
2020-06-03,0.04973872937649372,0.07898259705488625,2.968231967100658,1.7386078894347774
2020-06-10,0.009487108768246303,0.009377344336084021,2.9963919066219273,1.7549114142794398
2020-06-17,-0.016129065782013414,-0.01999066213113029,2.9480629044513296,1.7198295731265154
2020-06-24,0.03207423930171041,0.04238169779584055,3.042619779525197,1.7927188703551127
2020-07-01,-0.007182960350622611,0.008170879582128567,3.0207647622868476,1.8073669603693936
2020-07-08,0.010588432622016876,0.026728716022426553,3.0527499264392848,1.8556755586014233
2020-07-15,0.0010480159576508885,-0.010795224149583173,3.055949257076911,1.8356431249974179
2020-07-22,0.012830360768395678,0.04317844357196862,3.0951581885351187,1.914903338088391
2020-07-29,0.015286537287297156,0.005641083856545189,3.1424724395942443,1.9257054683957262
2020-08-05,0.03009065955818177,-0.0036383213358456828,3.237031507945044,1.9186991331035075
2020-08-12,0.011605731752868814,0.020367078017151288,3.2745996273018383,1.9577774280388671
2020-08-19,0.015249401296556735,0.011573184376628146,3.324535311104119,1.980435147181962
2020-08-26,0.010196540457485005,0.01320544429058729,3.3584340699061297,2.0065876731891943
2020-09-02,-0.012610857928547855,-0.0037333333333332726,3.316081334988149,1.9990964125426214
2020-09-09,-0.01050073635852133,-0.024056477516059986,3.2812600391460247,1.9510051946418536
2020-09-16,0.05427903362840816,0.03284308683876709,3.459363663154384,2.0150822276723614
2020-09-21,-0.01157758273700759,-0.032080857702393085,3.4193125941268163,1.950436661467783
2020-09-29,0.005621657844724243,-0.0029820648876812215,3.4385347995951543,1.9446203327839737
2020-10-06,0.023427091094711083,0.0341520688354873,3.5190896675776044,2.0110331402481
2020-10-13,0.0010193911045779176,0.014974848552652357,3.522676996280945,2.0411480569576805
2020-10-20,0.007468850952683298,-0.0006940135210163624,3.5489873457206134,2.039731472607756
2020-10-27,0.009421116222462831,0.0008905883602552178,3.582422767976697,2.0415480337153067
2020-11-03,-0.0016571190814595206,-0.004106122448979533,3.576486266850028,2.033165187503398
2020-11-10,0.02555627845807091,0.06228841692828509,3.667887945787114,2.159807828386685
2020-11-17,0.019559371339282167,0.02340350010802797,3.739629528149641,2.210354891131652
2020-11-24,0.012977800308302447,0.01771105866741057,3.7881616933929982,2.249502616284283
2020-12-01,0.004413187046384062,0.007764228244602905,3.804879559507889,2.266968268033945
2020-12-08,0.027631130793272184,0.023444047461514683,3.9100126842692995,2.320115179703481
2020-12-15,0.01598286640162883,0.012268792874331018,3.97250589463065,2.348580192287854
2020-12-22,-0.009423418513742728,-0.011708521674957248,3.9350713090372356,2.3210817902010765
2020-12-29,0.022209342661901707,0.034206199335118904,4.022466656138661,2.400477176589809
2021-01-05,0.027085183136583212,0.024715871616320804,4.131415902180977,2.4598070623043107
2021-01-12,0.025150299690425492,0.025610276631638854,4.235322250266618,2.522803401630383
2021-01-19,-0.006687568163365675,-0.006090753549086105,4.206998244024141,2.5074376278582564
2021-01-27,-0.01550762723077453,-0.037519524110199064,4.141757683495292,2.413359761325008
2021-02-03,0.01900539055949047,0.05547268835025201,4.22047340587289,2.547235315242029
2021-02-10,0.015050829295041325,0.02172817858848625,4.283995030648945,2.6025820990785067
2021-02-17,-0.010033204307058126,0.01063625419430857,4.241012833256022,2.630263823845863
2021-02-24,-0.006971344537896302,-0.01335022968477749,4.2114472716057545,2.5951491976659593
2021-03-03,0.029105169661413365,0.022784777610809354,4.3340221589659365,2.6542790950016486
2021-03-10,0.00223116056354863,-0.006749714314417389,4.343692058288567,2.636363469399657
2021-03-17,-0.027078145326170998,-0.03006492151892335,4.226072933482094,2.5571014085968
2021-03-22,0.010780869600208414,0.0026265193730243604,4.2716336746989345,2.5638176849852674
2021-03-30,0.009208584671776177,0.0017242608690015728,4.31096937507921,2.5682383754947415
2021-04-06,0.006732098085117392,-0.0037790791730028563,4.339991243754181,2.5585327993386024
2021-04-13,0.008291274186658083,-0.014205818734532463,4.375975301123842,2.5221867461648424
2021-04-20,-0.004951929259415239,-0.011333386046756808,4.354305780991728,2.4936018300885427
2021-04-27,-0.0018744919985716508,0.02447282130575036,4.346143669645925,2.5546273020839916
2021-05-04,0.007373262306649999,-0.006707174269431963,4.378188926944611,2.5374929715754653
2021-05-11,0.025031688633515074,0.02727183416838587,4.487782388942592,2.6066950590997164
2021-05-18,0.008337783278873601,0.016187543433493337,4.525200545904341,2.6488910485867656
2021-05-25,0.01700441081618469,0.00826912942003169,4.602148915012521,2.670795071487093
2021-06-01,0.004566918950680123,0.020453498935945072,4.6231665561063435,2.7254221756398818
2021-06-08,0.017139044007173736,0.018909343691499162,4.7024032111639436,2.7769581202634894
2021-06-15,0.020564923633697135,0.008025422815899944,4.799107774096382,2.799244383320651
2021-06-22,-0.002278619427586903,-0.00890551251224508,4.788172433887243,2.7743156774401574
2021-06-29,0.013922849100356575,-0.0010962350615508596,4.854837436150743,2.7712743753227373
2021-07-06,0.016010207132585778,0.0046176357704855115,4.932564389098548,2.7840711110080574
2021-07-13,-0.00013883536026989152,0.002005706713148037,4.931879574744533,2.7896551411252877
2021-07-20,-0.0041501189434557315,-0.010747179163340313,4.911411687894543,2.759674217519681
2021-07-27,0.021142449247672744,0.007925132788129074,5.015250960240281,2.7815450021455006
2021-08-03,0.02195528946121636,0.02497460715779411,5.125362246792999,2.85101299586581
2021-08-10,-0.008453963212926461,0.0011017196152726001,5.08203262290569,2.8541540128067524
2021-08-17,0.00794852218723702,0.017194696603566997,5.122427271965118,2.9032303251168177
2021-08-24,0.0014600843946939689,-0.001333776017218835,5.129906448087869,2.899358066136714
2021-08-31,0.02917084295864257,0.03465570707157547,5.279550143477568,2.9998373699723575
2021-09-07,0.012771987575383788,0.015406775435583421,5.346980492313679,3.0460551906747924
2021-09-14,0.0059435919960522015,0.006328906735920911,5.378760762770842,3.065333389889041
2021-09-20,-0.010869757832163903,-0.003892738254014686,5.3202949358423774,3.0534008493409113
2021-09-28,0.010627527579518029,0.016547551809532126,5.376836517004213,3.1039271580906496
2021-10-05,-0.0015665880813141965,0.009878033795804184,5.368413229001499,3.1345878554579834
2021-10-12,0.01996713034746415,0.01185513563841035,5.475605035704024,3.171748819654952
2021-10-19,-0.0028470241828741816,0.01990348873076706,5.460015855751506,3.234877686543778
2021-10-26,-0.03477782087216162,-0.014706786959196302,5.270128402361018,3.187303029568721
2021-11-02,-0.004752538088177044,-0.014536108755482145,5.245081916399214,3.140972046094232
2021-11-09,0.007898216533818864,0.01382663646874345,5.286508709112552,3.184401124734062
2021-11-16,0.005794122406561788,-0.001385156949738515,5.317139387676506,3.1799902293853815
2021-11-23,-0.02830495830241993,-0.027141888720863535,5.166637979020168,3.09367928844597
2021-11-30,-0.026739088812627033,-0.03215501299815086,5.028486787236456,2.9942019907138797
2021-12-07,6.887787679244492e-06,0.012604809321799353,5.028521422385794,3.0319433358777803
2021-12-14,0.01205156610343275,0.012043184826243463,5.089122980710205,3.0684575898544537
2021-12-21,-0.03031193304644058,-0.037526209982490726,4.934861825653815,2.9533100060152084
2021-12-28,0.022428338582164097,0.027647389107243205,5.045542577535776,3.034961316905826
2022-01-04,0.02415933464768433,0.02964092140921409,5.167439529145602,3.1249203667802368
2022-01-11,0.010494872808827832,0.01402501472546945,5.221671149751295,3.168747420940249
2022-01-18,0.0028679546358644317,0.0026060745609444284,5.236646665732184,3.1770054129840197
2022-01-25,-0.037952602285785,-0.0470744819666998,5.037902297516468,3.027449528962396
2022-02-01,0.005779078956579784,0.019395194198421558,5.06701673266935,3.0861675005025417
2022-02-08,-0.018681688180533614,-0.016973650275103242,4.972356306064075,3.033783972658622
2022-02-15,0.005252123599825714,0.00011478357829618442,4.998471735965897,3.0341322012387817
2022-02-22,-0.009365733354542697,-0.018904325204673965,4.951657382506622,2.9767739793925903
2022-03-02,-0.02599817298555014,-0.021546945937665336,4.822923337311038,2.912633591389969
2022-03-09,-0.020000062733419696,-0.016658411473011333,4.726464568006343,2.8641137425544803
2022-03-16,0.04123374458577701,0.03662554061173814,4.9213544007972425,2.969013456749047
2022-03-21,-0.005098067925860791,0.007768909839315852,4.896265001774744,2.992079454606246
2022-03-29,-0.016051863192167427,0.011588743629514776,4.817670825813659,3.026753896324816
2022-04-05,0.04834915084946019,0.04099949619959262,5.050601119313967,3.150849281194287
2022-04-12,-0.019639248077124943,-0.016123177923082183,4.951411110993155,3.100047577624776
2022-04-19,-0.02354413047426977,-0.02973790861554587,4.834834441764183,3.0078586460575263
2022-04-26,0.02038450065322737,0.013026803032974663,4.933390127600571,3.047041428190748
2022-05-04,-0.016944339006190783,-0.03335037751038962,4.849797092828712,2.9454214462707897
2022-05-11,-0.031374130580161946,-0.03832756534706387,4.697638925551015,2.8325306133142027
2022-05-18,0.01606181480727089,0.007788453661333841,4.773091532004642,2.85459164674031
2022-05-25,-0.008695024603254161,-0.02144868631151119,4.731589383700278,2.793364405961917
2022-06-01,0.023780286307082614,0.03372079914081107,4.844107933932223,2.88755888602245
2022-06-08,-0.029535568762342434,-0.013213633806697551,4.701034450957359,2.849403740307274
2022-06-15,-0.011160411326828185,-0.03657685327376793,4.648568972823085,2.7451815177803294
2022-06-22,-0.018812554621936456,-0.022671834999758597,4.561117515108012,2.682943215364827
2022-06-29,0.01723184319945097,0.0268241602777554,4.639713976942622,2.7549109141898898
2022-07-06,0.04493122085910148,0.01589545818267147,4.848181990363692,2.7987014854233805
2022-07-13,0.005639444710182701,0.005294546143687199,4.875523044643251,2.8135193395803606
2022-07-20,0.025201449003237616,0.03257789533835649,4.998393290016938,2.905177878157651
2022-07-27,-0.0039378691904192005,0.007502410470284178,4.978710271078582,2.9269737150887787
2022-08-03,0.019968605187441684,0.04356935761529389,5.078128170824411,3.0545000796120467
2022-08-10,0.0004754290206145371,0.008182933049716361,5.080542460327221,3.079494849263865
2022-08-17,0.014629708140203512,0.02672852729366925,5.154869313715721,3.161805211393128
2022-08-24,-0.0096528435252456,-0.01698993499685461,5.105110166837332,3.1080863463788426
2022-09-01,0.01015292413770575,0.0027730523306971557,5.156941963075862,3.1167052324656765
2022-09-08,0.0076145368805923905,0.013545062460446879,5.196209687844778,3.158921199510226
2022-09-15,0.004696183542938536,0.00915072460726399,5.220612042266492,3.187827617462992
2022-09-19,-0.017793012806583592,-0.017615556595434893,5.127721625340239,3.131672259651082
2022-09-27,-0.02403287866647909,-0.04549533710843002,5.004487713682956,2.9891957744851374
2022-10-04,0.013289519072726352,0.015246483906794625,5.070994948603171,3.034770499755084
2022-10-11,-0.01804422037605644,-0.017194599541838388,4.979492798224706,2.9825888363104105
2022-10-18,0.01664653742210495,0.02436134805704348,5.062384111433456,3.0552487210628207
2022-10-25,0.011115067029761685,0.007493396881068509,5.11865285016244,3.0781429123001214
2022-11-01,0.025662778189905772,0.027155747770836593,5.250011702887288,3.1617321848291318
2022-11-09,0.004115862656530258,0.0011799808707947316,5.271620030001548,3.165462968325806
2022-11-16,0.006714197656982818,0.007798424738970874,5.3070147288554885,3.1901485930482942
2022-11-23,-0.008093463037006744,-0.008737538960871618,5.264062601310647,3.162274545425565
2022-11-30,0.026039378862696284,0.02662037638571985,5.401135521743125,3.2464554840597746
2022-12-07,-0.004945373658291207,-0.0065964329649523005,5.3744248884090355,3.2250404580854726
2022-12-14,0.013784436448590166,0.006059277982754829,5.448508306731031,3.2445818747266433
2022-12-21,-0.02108738124130299,-0.026927772177674777,5.3336135348705875,3.1572125131921913
2022-12-28,-0.006590688368656501,-0.0054346411523103905,5.298461350183407,3.1400541961414077
2023-01-04,-0.0013282643395225034,-0.003925530077411453,5.291423592917621,3.1277278189497526
2023-01-11,-0.005954698195264429,-0.005900991555749356,5.259914762398495,3.109271123501448
2023-01-18,0.009365303086778786,0.011882611637347728,5.309175458358979,3.146217384737236
2023-01-25,-0.013829110150694985,-0.018654143507877585,5.2357542861359665,3.0875273941353685
2023-02-01,-0.013255051926225602,-0.023522710940535707,5.166354091200276,3.0149003797221368
2023-02-08,0.007289863693003621,0.012494412402830361,5.204016108314918,3.052569788419835
2023-02-15,-0.0011672335206501852,0.0021482334952134673,5.19794180627129,3.059127421085795
2023-02-22,-0.015524797715309006,-0.024068811011481037,5.11724481119298,2.9854978613276413
2023-03-01,-0.004775895342328975,-0.0032314357593874435,5.092805385533646,2.9758504167789726
2023-03-08,0.01852102264064532,0.018142555753150786,5.1871293493835156,3.029839948878422
2023-03-15,-0.027870693422365506,-0.04086226817321302,5.042560457544694,2.906033816365438
2023-03-20,0.005597578112377878,0.0005994864776211801,5.070786583592188,2.9077759443418585
2023-03-28,-0.005589368024667332,-0.009241176702329471,5.042444091201945,2.8809046730294123
2023-04-05,0.02901914132473394,0.0336626126868174,5.188771488906605,2.9778834512252437
2023-04-12,0.00625003045164612,0.015530288458896313,5.221201468718905,3.0241308402197458
2023-04-19,-0.002474116770976985,-0.006796794250864402,5.2082836066004985,3.0035764451110785
2023-04-26,0.01738293173568857,0.00950761971700529,5.298818844994141,3.032133307742149
2023-05-03,0.01747881944863809,0.018593279433512157,5.391435942876835,3.0885106096126584
2023-05-10,0.007250384042289839,0.012420056483703859,5.430525924002097,3.126870085834566
2023-05-17,-0.003072952045797245,-0.004380570573242255,5.41383817825418,3.1131726107502073
2023-05-24,-0.003612798232273088,0.006539314738690129,5.39427907325397,3.1335306262877722
2023-05-31,0.022418696333639618,0.015761601855043363,5.515211777736158,3.1829200884199045
2023-06-07,0.020519513105335913,0.012910291214215315,5.628381238088118,3.2240125136729816
2023-06-14,0.005603201398961205,0.003883110752409813,5.659918191715261,3.236531711330729
2023-06-21,0.0060601010617738656,0.008752502882106595,5.694217867958427,3.2648594644621802
2023-06-28,0.007775156132835111,0.0029824112920607713,5.738491300936183,3.2745966181959836
2023-07-05,0.01830260439439861,0.020030185209247434,5.843520637037916,3.3401873949440244
2023-07-12,-0.0005445783704247774,0.0013032443926196283,5.840338382091854,3.3445404754367836
2023-07-19,0.010868821812942811,0.01935196602274284,5.903815979294102,3.409263909079124
2023-07-26,0.007925769430779845,-0.0004608140087459706,5.950608263507741,3.4076928725103084
2023-08-02,0.008348701079898786,-0.008706676719604636,6.000288113143343,3.37802319230966
2023-08-09,0.008987504702383912,0.007819085544865344,6.054215730775877,3.4044362446228686
2023-08-16,-0.01110043456355448,-0.00949853868635605,5.987011305222757,3.3720990752480855
2023-08-23,-0.005260722627051988,0.003615521994021043,5.955515299380956,3.384290973620663
2023-08-30,9.163928237972043e-05,-0.0009671133118311808,5.956061058529193,3.381017980768964
2023-09-06,0.01583226196375262,0.01653428589406645,6.050358977479933,3.4369206986759777
2023-09-13,0.009903392541634411,0.017155754058004794,6.110278057451717,3.4958836648993286
2023-09-18,0.00597980669145937,0.0048684580095496675,6.146816339066344,3.5129032277281618
2023-09-27,-0.016571326660927286,-0.010796999531176712,6.0449554375869505,3.4749744132253118
2023-10-04,-0.01656789896753573,-0.014246648056607542,5.944803226633754,3.4254676757543745
2023-10-11,0.01910765072169538,0.01745748614122737,6.058394450297479,3.4852677302310786
2023-10-18,0.0023190421433666696,-0.005845327990473615,6.072444122348858,3.464895197213264
2023-10-25,-0.02118615068722905,-0.03170378116310574,5.943792406132997,3.3550449181277187
2023-11-01,-0.005755301332993956,-0.0033183614363202782,5.90958408977494,3.3439116664542814
2023-11-09,0.02771901894876089,0.027960145587793334,6.073391963138707,3.437407923481064
2023-11-16,0.014472370525371285,0.02070277314628501,6.161288341975063,3.508571799932135
2023-11-23,0.0021470940796113193,0.002539464975567556,6.174517207696896,3.5174816951323264
2023-11-30,0.016829788019768813,0.019519800728539524,6.2784330234268495,3.586142236887595
2023-12-07,0.026661543232062913,0.04235190381497796,6.445825736910556,3.7380221879710884
2023-12-14,0.010199637540766832,0.015147443042882475,6.5115708230779905,3.794643666156411
2023-12-21,-0.00207850393475409,-0.0011023970625893074,6.498036497500793,3.7904604621252673
2023-12-28,0.02930795405002517,0.024540197173184765,6.688480652584933,3.883479109242982
2024-01-04,0.005208343923056205,0.0051356864474706295,6.723316560146302,3.903423440273356
2024-01-11,-0.008692643365140869,0.00038816600003378424,6.664873167058005,3.904938616536605
2024-01-18,-0.012227032019390127,-0.00892857142857146,6.5833815494392125,3.8700730931746707
2024-01-25,-0.00946732621395497,-0.0020937328447957005,6.5210545287197395,3.8619701940277307
2024-02-01,0.017258568007492064,0.018158169683788535,6.633598591784214,3.93209650412462
2024-02-08,0.00024258197056739676,0.00963338680561082,6.635207783202562,3.9699759107058425
2024-02-15,0.015340320800612994,0.00598623539221662,6.736993999175614,3.9937411210087572
2024-02-22,0.021027792790531456,0.012998152546846165,6.8786581130213325,4.0456523773322415
2024-02-29,-0.005582920782485236,-0.00992884126880731,6.840255109686535,4.0054837370489365
2024-03-07,0.015959033307216514,0.02111763956103592,6.949418968811881,4.090070098875527
2024-03-14,-0.012774237489041919,-0.021695625037749876,6.860645440493425,4.001333471632211
2024-03-18,-0.003301918397128521,-0.0043958395930143715,6.837992149097284,3.9837442515327566
2024-03-26,0.008288312521895982,0.009997386575293596,6.894667565051273,4.0235712828324335
2024-04-02,0.010088821506081438,0.025444299778620217,6.964226635458846,4.125948236733469
2024-04-10,0.013465344636936988,0.01509204223208418,7.0580023472350355,4.188217221769644
2024-04-18,-0.03046264708051302,-0.03070597705140537,6.842996912637782,4.059613919871685
2024-04-25,0.017493397477395443,0.025808657705553337,6.962704177567144,4.1643871059463535
2024-05-02,3.634147132037006e-05,0.010385167900822919,6.962957212481325,4.207634965245628
2024-05-09,-0.009173381714281687,-0.033042562968606984,6.899083348111023,4.068603921957587
2024-05-16,0.009966779394007195,0.026953915141471586,6.967844989862514,4.17826872681429
2024-05-23,0.01634288522518928,0.026950489253818623,7.081719680798747,4.290875113235865
2024-05-30,-0.017054261586186035,-0.021113199408429904,6.960946180882363,4.200281011333447
2024-06-06,0.03536148786543872,0.015257744938347495,7.207095594789607,4.264367827673757
2024-06-13,0.010879740928330382,0.02947559330966806,7.285506927706629,4.390062599485101
2024-06-20,-9.226798114512894e-05,0.009290419725202307,7.2848347086907905,4.430848123654231
2024-06-27,0.010888824380857273,0.012673524343759065,7.364157994477298,4.487002585212862
2024-07-04,0.002528474508852732,0.014054420365650725,7.382778080245498,4.550064805727205
2024-07-11,0.022119835898108325,0.004525445643804518,7.54608391985268,4.570655876681311
2024-07-18,0.01609075646261308,0.011461504530367563,7.6675061184534705,4.623042469718645
2024-07-25,0.0044435749976203445,-0.013326279365714832,7.701577256935532,4.56143451424761
2024-08-01,0.016886097668410878,0.02643286718353737,7.8316268426969575,4.682006306929121
2024-08-08,-0.02095772394980963,-0.03384207033842068,7.667493769249795,4.523557520165096
2024-08-16,0.0007030531733552158,0.016680792611643756,7.672884425075947,4.599014045025811
2024-08-23,0.018821795839007043,0.01325935880759197,7.8173018892210235,4.659994022409963
2024-08-30,0.0051298405728082315,0.013936960962324102,7.85740340162224,4.724940177184954
2024-09-06,0.008694289098003008,-0.013171792916751267,7.925717938355577,4.662704243627036
2024-09-13,0.023432830158320858,0.020131278619731487,8.11143994068782,4.756570441876895
2024-09-16,-0.001699840071935666,0.0016746112261489753,8.097651790035538,4.7645358481368305
2024-09-24,0.010573473233213617,0.018206312814723,8.183272094489364,4.851280478204971
2024-10-01,0.0007777697608080036,-0.005670010169964277,8.189636796068923,4.8237736685562
2024-10-08,-0.029780841664330076,-0.030694132778720355,7.945742519356823,4.675712119079041
2024-10-15,-0.008890248303512687,0.005946436196680583,7.875102895403963,4.70351594286919
2024-10-22,-0.03432697301405249,-0.035158990766467425,7.6047744508305435,4.53814506926392
2024-10-29,-0.024759200685614404,-0.0006544835760982598,7.416486314033596,4.535174927850136
2024-11-05,-0.005192589090120041,-0.008983212417135336,7.377975548112321,4.494434488124392
2024-11-12,-0.028450345325788752,-0.014028350411378426,7.1680695959633,4.431384986223999
2024-11-19,-0.01707044437737688,-0.013628442484993819,7.045707462632242,4.37099211081038
2024-11-26,0.02031060645585938,0.024972064508335348,7.188810054108877,4.480144807766961
2024-12-03,0.00487573223589544,0.0184375586992793,7.223860767027425,4.562747740641436
2024-12-10,-0.0009921057561004326,0.011543594064741073,7.216693933179189,4.615418248379215
2024-12-17,-0.012900819807170682,-0.009113042483438196,7.123592665143742,4.573357745802899
2024-12-24,-0.013534706049168125,-0.030451724635589553,7.027176932407011,4.434091115067669
2024-12-31,0.001632137828709603,-0.0021621018160166176,7.038646253707428,4.424504158615398
2025-01-07,0.005728336717537338,-0.0015961870522379403,7.078965989484297,4.417441822364843
2025-01-14,-0.023408189883744223,-0.03364075439559819,6.913260209421881,4.268835746961823
2025-01-21,0.0037877768619467536,-0.00319669121199825,6.9394460964837466,4.255189597244046
2025-01-28,-0.011111426860834534,-0.015185475302274662,6.862338948727964,4.1905725207086
2025-02-04,0.03682610714968793,0.03722997928823997,7.115052178151298,4.346587448860449
2025-02-11,-0.032810102344274006,-0.03478135427857734,6.881606588001304,4.195407250898816
2025-02-18,-0.009153801808711774,-0.010745118090106419,6.818613725169215,4.1503271045518195
2025-02-25,-0.017706775680907946,-0.012523705585572692,6.697878061482884,4.09834962981059
2025-03-04,-0.030423683492574474,-0.023130533512096728,6.49410393926847,4.003552616353967
2025-03-11,0.012347965585371217,0.018851904973869522,6.574292911218381,4.079027209835359
2025-03-17,-0.0014766430792089195,-0.00033575780131225765,6.564585027090339,4.077657644627892
2025-03-25,0.043852946039122695,0.048551144129802076,6.852461420052564,4.27563258864421
2025-04-01,-0.012142279905913357,-0.01778587175309121,6.769256915445814,4.1995867357592465
2025-04-08,-0.006221062549698,-0.02687890829319317,6.72714494475985,4.086706429019463
2025-04-15,0.03584538293370913,0.03744083433614125,6.968282031355332,4.2397161274088235
2025-04-22,0.03277463137433223,0.03745060587548422,7.196664906245386,4.398496065120345
2025-04-29,0.0064778723141484095,0.003950506857483602,7.243283982595755,4.4158723539882185
2025-05-06,-0.005619878814168677,-0.004584601677927092,7.202577604396957,4.395627338184612
2025-05-13,0.006675142524834791,0.014742023904976758,7.2506558364524905,4.460427781481498
2025-05-20,-0.006659018482246719,0.0073502929091724305,7.202373585229143,4.493213232175598
2025-05-27,0.014993834265077183,0.009077045436303777,7.3103647810812395,4.533998332839057
2025-06-03,-0.012976551156057996,-0.00791074023992535,7.2155014585300945,4.498131049779713
2025-06-10,0.01048127255676651,0.02696812658984395,7.291129095950694,4.61943721734788
2025-06-17,-0.010136826105177807,-0.01463104777180815,7.21722018819464,4.551850010741995
2025-06-24,0.0015758748814031988,0.006734491761951922,7.228593624202771,4.582504407140977
2025-07-01,0.02390442036983512,0.020265073601745693,7.401388964878424,4.675369196232014
2025-07-08,0.010295200516990817,-0.0019108726902983767,7.47758774837609,4.666435160917872
2025-07-15,0.006825625327189807,-0.008223701543919996,7.52862696069769,4.628059790880429
2025-07-22,-0.008212945670927814,-0.006124169394029606,7.466794756492798,4.59971676875538
2025-07-29,-0.0004945524692019808,-0.011639551666993302,7.4631020347089505,4.546178127771917
2025-08-05,-0.00280942312435002,-0.008343880373130882,7.442135023273255,4.508245361318844
2025-08-12,-0.011712235498799213,-0.008294093049469976,7.354970985266817,4.470853554802224
2025-08-19,0.024609061144028447,0.021508136132642006,7.535969915955803,4.567013281688016
2025-08-26,-0.03239041497582617,-0.012361809045226184,7.291876723132653,4.510556735592777
2025-09-02,0.007336873577399684,-0.002605794531102251,7.345376300792261,4.498803151518943
2025-09-09,0.0031654787124947605,0.010479560120828254,7.368627933107684,4.545948629617057
2025-09-15,-0.03189951635673706,0.010973081153201208,7.133572265828805,4.595831692848129
